isolate_code,AM,AMC,AN,C,CF,CFO,CFT,CN,CPD,CPT,CTX,CZA,DO,ENR,FT,GM,IPM,MRB,N,PRA,SXT,TE
EC_OLDWR3C1,0,0,0,0,0,0,0,0,0,0,0,0,0,0,0,0,0,0,0,0,0,0
EC_OLDWR3C2,0,0,0,0,0,0,0,0,0,0,0,0,0,0,0,0,0,0,0,0,0,0
EC_OLDWR3C4,0,0,0,0,0,0,0,0,0,0,0,0,0,0,0,0,0,0,0,0,0,0
EC_OLDWR3C7,0,0,0,0,0,0,0,0,0,0,0,0,0,0,0,0,0,0,0,0,0,0
EC_OLDWR3C17,0,0,0,0,0,0,0,0,0,0,0,0,0,0,0,0,0,0,0,0,0,0
SALOLDWR2C2,0,0,0,0,0,0,0,0,0,0,0,0,0,0,0,0,0,0,0,0,0,2
SALOLDWR2C3,0,0,0,0,0,0,0,0,0,0,0,0,0,0,0,0,0,0,0,0,0,2
SALOLDWR3C1,2,0,2,0,0,0,0,2,0,0,0,0,0,0,0,2,0,0,0,0,0,0
SALOLDWR3C7,0,0,2,0,2,0,0,2,0,0,0,0,0,0,0,2,0,0,0,0,0,0
EC_OLRWR1C2,0,0,0,0,0,0,0,0,0,0,0,0,0,0,0,0,0,0,0,0,0,0
EC_OLRWR1C4,2,0,0,0,0,0,0,0,0,0,0,0,2,0,0,0,0,0,0,0,0,2
EC_OLRWR2C6,0,0,0,0,0,0,0,0,0,0,0,0,0,0,0,0,0,0,0,0,0,0
EC_OLRWR2C7,2,0,0,0,0,0,0,0,0,0,0,0,0,0,0,0,0,0,0,0,0,0
EC_OLRWR3C3,0,0,0,0,0,0,0,0,0,0,0,0,0,0,0,0,0,0,0,0,0,0
SALOLRWR1C2,0,0,2,0,2,0,0,2,0,0,0,0,0,0,0,2,0,0,0,0,0,0
SALOLRWR2C1,0,0,0,0,0,0,0,0,0,0,0,0,0,0,0,0,0,0,0,0,0,2
SALOLRWR2C2,0,0,0,0,0,0,0,0,0,0,0,0,0,0,0,0,0,0,0,0,0,2
EC_OLFBR1C1,0,0,0,0,0,0,0,0,0,0,0,0,0,0,0,0,0,0,0,0,0,0
EC_OLFBR1C2,2,0,0,2,0,0,0,0,0,0,0,0,0,0,0,0,0,0,0,0,0,2
EC_OLFBR1C4,0,0,0,0,0,0,0,0,0,0,0,0,0,0,0,0,0,0,0,0,0,0
EC_OLFBR1C6,2,0,0,0,0,0,0,0,0,0,0,0,0,0,0,0,0,0,0,0,0,0
EC_OLFBR1C9,2,0,0,2,1,0,0,0,0,0,0,0,2,1,0,0,0,0,0,1,0,2
EC_OLFBR1C12,2,0,0,2,1,0,0,0,0,0,0,0,2,1,0,0,0,0,0,0,0,2
EC_OLFBR1C15,0,0,0,0,0,0,0,0,0,0,0,0,0,0,0,0,0,0,0,0,0,0
EC_OLFBR2C6,0,0,0,0,0,0,0,0,0,0,0,0,0,0,0,0,0,0,0,0,0,0
EC_OLFBR2C9,0,0,0,0,0,0,0,0,0,0,0,0,0,0,0,0,0,0,0,0,0,0
EC_OLFBR2C12,0,0,0,0,0,0,0,0,0,0,0,0,0,0,0,0,0,0,0,0,0,0
EC_OLFBR2C15,0,0,0,0,0,0,0,0,0,0,0,0,0,0,0,0,0,0,0,0,0,0
EC_OLFBR3C6,2,0,0,0,0,0,0,0,0,0,0,0,0,0,1,0,0,0,0,0,0,0
EC_OLFBR3C9,0,0,0,0,0,0,0,0,0,0,0,0,0,0,0,0,0,0,0,0,0,0
EC_OLFBR3C10,2,0,0,0,0,0,0,0,0,0,0,0,2,1,1,0,0,0,0,0,2,2
EC_OLFBR3C11,0,0,0,0,0,0,0,0,0,0,0,0,0,0,0,0,0,0,0,0,0,0
EC_OLFBR3C13,2,0,0,0,0,0,0,0,0,0,0,0,0,0,0,0,0,0,0,0,0,0
EC_OLFBR3C14,0,0,0,0,0,,,,0,,,0,,,0,0,0,0,0,0,0,0
EC_OLFBR3C15,0,0,0,0,0,0,,,0,,0,0,,,0,0,0,0,0,0,0,0
SALOLFBR3C5,0,0,2,0,2,0,0,2,0,0,0,0,1,0,0,2,0,0,0,0,0,0
SGOLFBR2C1,2,0,0,0,0,0,0,0,0,0,0,0,2,0,0,0,0,0,0,0,2,2
SGOLFBR2C2,0,0,0,0,0,0,0,0,0,0,0,0,2,0,1,0,0,0,0,0,0,2
SGOLFBR2C5,2,0,0,0,0,0,0,2,0,0,0,0,2,0,1,0,0,0,0,0,0,2
VCOLFBR2C1,,2,0,1,2,1,0,2,0,,,0,0,0,0,0,0,0,0,0,0,0
EC_OLFGR1C1,0,0,0,1,0,0,0,0,0,0,0,0,0,0,0,0,0,0,0,0,0,0
EC_OLFGR1C2,2,0,0,0,0,0,0,0,0,0,0,0,1,0,0,0,0,0,0,0,0,2
EC_OLFGR1C8,2,0,0,0,0,0,,0,0,0,0,0,,0,0,0,0,0,0,0,0,0
EC_OLFGR1C10,2,0,0,0,0,,,,0,0,,0,,,0,0,0,0,0,0,0,0
EC_OLFGR1C14,0,0,0,0,0,,,,0,,0,0,,,0,0,0,0,0,0,0,0
EC_OLFGR2C1,2,0,0,0,2,2,2,2,2,2,,0,,,0,0,0,0,0,0,2,0
EC_OLFGR3C1,2,0,0,0,0,0,1,2,0,0,0,0,0,1,0,0,0,0,0,0,0,0
EC_OLFGR3C8,2,0,0,0,0,0,2,2,0,0,0,0,0,1,0,0,0,0,0,0,0,0
EC_OADWR1C3,,2,0,0,2,0,0,2,0,,0,0,0,1,0,0,1,0,0,1,0,0
EC_OADWR1C4,,2,0,0,2,0,0,2,0,,0,0,0,1,0,0,1,0,0,1,0,0
EC_OADWR1C5,2,0,0,0,0,0,0,0,0,0,0,0,0,0,0,0,0,0,0,0,0,0
EC_OADWR1C6,2,0,0,0,0,0,0,0,0,0,0,0,0,0,1,0,0,0,0,0,0,0
EC_OADWR1C9,2,0,0,0,0,0,0,0,0,0,0,0,0,0,0,0,0,0,0,0,0,0
VCOADWR3C17,2,1,0,0,,0,2,,,,,,0,0,,0,0,0,,,0,0
VCOADWR3C31,1,0,0,0,,0,0,,,,,,0,0,,0,0,0,,,0,0
EC_OARWR1C3,0,0,0,0,0,0,0,0,0,0,0,0,0,0,0,0,0,0,0,0,0,0
EC_OARWR1C7,2,0,0,0,0,0,0,0,0,0,0,0,0,0,0,0,0,0,0,0,0,0
EC_OARWR1C8,2,0,0,0,0,0,0,0,0,0,0,0,0,0,1,0,0,0,0,0,0,0
EC_OARWR1C9,0,0,0,0,0,0,0,0,0,0,0,0,0,0,0,0,0,0,0,0,0,0
EC_OARWR1C10,,2,0,0,2,0,0,2,0,,0,0,0,0,0,0,0,0,0,0,0,0
EC_OARWR2C3,,2,0,0,2,0,0,2,0,,0,0,0,0,0,0,0,0,0,0,0,0
EC_OARWR2C5,2,0,0,0,0,0,0,0,0,0,0,0,0,0,0,0,0,0,0,0,0,0
EC_OARWR3C1,2,0,0,0,0,0,0,0,0,0,0,0,0,0,1,0,0,0,0,0,0,0
EC_OARWR3C9,0,0,0,0,0,0,0,0,0,0,0,0,0,0,0,0,0,0,0,0,0,0
EC_OARWR3C10,0,0,0,0,0,0,0,0,0,0,0,0,2,0,0,0,0,0,0,0,0,2
VCOARWR3C14,1,0,0,0,,0,0,,,,,,0,0,,0,0,0,,,0,0
EC_OAFBR1C11,2,0,0,0,0,0,0,0,0,0,0,0,0,0,1,0,0,0,0,0,0,0
EC_OAFBR1C18,2,0,0,0,0,0,0,0,0,0,0,0,0,0,0,0,0,0,0,0,0,0
EC_OAFBR2C5,2,0,0,0,0,0,0,0,0,0,0,0,0,0,0,0,0,0,0,0,0,0
EC_OAFBR2C8,2,0,0,0,0,0,0,0,0,0,0,0,0,0,0,0,0,0,0,0,0,0
EC_OAFBR2C14,2,0,0,2,0,0,0,0,0,0,0,0,2,0,0,0,0,0,0,0,0,2
EC_OAFBR2C15,2,0,0,0,0,0,0,0,0,0,0,0,0,0,1,0,0,0,0,0,0,0
EC_OAFBR3C1,0,0,0,0,0,0,0,0,0,0,0,0,2,0,0,0,0,0,0,0,0,2
EC_OAFBR3C2,2,0,0,0,0,0,0,0,0,0,0,0,0,0,1,0,0,0,0,0,0,0
EC_OAFBR3C4,0,0,0,0,0,0,0,0,0,0,0,0,0,0,0,0,0,0,0,0,0,0
EC_OAFBR3C6,2,0,0,0,0,0,0,2,0,0,0,0,1,0,0,0,0,0,0,0,0,2
EC_OAFBR3C7,0,0,0,0,0,0,0,0,0,0,0,0,0,0,0,0,0,0,0,0,0,0
EC_OAFBR3C8,0,0,0,0,0,0,0,0,0,0,0,0,0,0,0,0,0,0,0,0,0,0
EC_OAFBR3C16,2,0,0,0,0,0,0,0,0,0,0,0,0,0,1,0,0,0,0,0,0,0
EC_OAFBR3C18,2,0,0,0,0,0,0,0,0,0,0,0,0,0,0,0,0,0,0,0,0,0
EC_OAFGR1C1,0,0,0,0,0,0,0,0,0,0,0,0,0,0,0,0,0,0,0,0,0,0
EC_OAFGR1C2,0,0,0,1,0,0,0,0,0,0,0,0,0,0,0,0,0,0,0,0,0,0
EC_OAFGR1C6,0,0,0,0,0,0,0,0,0,0,0,0,2,0,0,0,0,0,0,0,0,2
EC_OAFGR1C8,0,0,0,0,0,0,0,0,0,0,0,0,0,0,0,0,0,0,0,0,0,0
EC_OAFGR1C10,0,0,0,1,0,0,0,0,0,0,0,0,0,0,0,0,0,0,0,0,0,0
EC_OAFGR1C11,0,0,0,1,1,0,0,0,0,0,0,0,0,0,0,0,0,0,0,0,0,0
EC_OAFGR1C14,0,0,0,0,0,0,0,0,0,0,0,0,0,0,0,0,0,0,0,0,0,0
EC_OAFGR1C16,2,0,0,0,0,0,0,0,0,0,0,0,0,0,0,0,0,0,0,0,0,0
EC_OAFGR2C2,0,0,0,0,0,0,0,0,0,0,0,0,0,0,0,0,0,0,0,0,0,0
EC_OAFGR2C4,0,0,0,0,0,0,0,0,0,0,0,0,0,0,0,0,0,0,0,0,0,0
EC_OAFGR2C5,0,0,0,0,0,0,0,0,0,0,0,0,2,0,0,0,0,0,0,0,0,0
EC_OAFGR2C6,0,0,0,0,0,0,0,0,0,0,0,0,0,0,0,0,0,0,0,0,0,0
EC_OAFGR2C7,0,0,0,0,0,0,0,0,0,0,0,0,0,0,0,0,0,0,0,0,0,0
EC_OAFGR3C1,0,0,0,0,0,0,0,0,0,0,0,0,0,0,0,0,0,0,0,0,0,0
EC_OAFGR3C2,2,0,0,1,0,0,0,0,0,0,0,0,2,1,2,0,0,0,,0,0,2
EC_OAFGR3C3,0,0,0,0,0,0,0,0,0,0,0,0,2,0,0,0,0,0,0,0,0,2
EC_OAFGR3C4,0,0,0,0,0,0,0,0,0,0,0,0,2,0,0,0,0,0,0,0,0,2
EC_OAFGR3C6,0,0,0,0,0,0,0,0,0,0,0,0,0,0,0,0,0,0,0,0,0,0
EC_OAFGR3C7,0,0,0,1,1,0,0,0,0,0,0,0,0,0,0,0,0,0,0,0,0,0
EC_OAFGR3C8,0,0,0,0,0,0,0,0,0,0,0,0,0,0,0,0,0,0,0,0,0,0
EC_OAFGR3C9,0,0,0,0,0,0,0,0,0,0,0,0,0,0,0,0,0,0,0,0,0,0
EC_OAFGR3C13,2,0,0,0,0,0,0,0,0,0,0,0,0,0,0,0,0,0,0,0,0,0
EC_OAFGR3C14,0,0,0,0,0,0,0,0,0,0,0,0,2,0,0,0,0,0,0,0,0,2
EC_OAFGR3C15,2,0,0,0,0,0,0,0,0,0,0,0,0,0,0,0,0,0,0,0,0,0
EC_OAFGR3C16,2,0,0,0,0,0,0,0,0,0,0,0,0,0,1,0,0,0,0,0,0,0
EC_MRDWR1C1,2,0,0,2,0,0,0,0,0,0,0,0,2,0,1,1,0,0,0,0,2,2
EC_MRDWR1C2,2,0,0,0,0,0,0,0,0,0,0,0,2,0,0,0,0,0,0,0,0,2
EC_MRDWR3C14,2,0,0,0,0,0,0,0,0,0,0,0,0,0,1,0,0,0,0,0,0,0
VC_MRDWR1C1,2,0,0,0,0,0,0,0,0,0,0,0,0,0,0,0,0,0,0,0,0,0
VC_MRDWR2C2,,2,0,0,2,0,0,2,0,,0,0,0,0,1,0,0,0,,0,0,0
EC_MRLWR1C3,0,0,0,0,0,0,0,0,0,0,0,0,2,0,0,0,0,0,0,0,0,2
EC_MRLWR1C4,0,0,0,0,0,0,0,0,0,0,0,0,0,0,0,0,0,0,0,0,0,0
EC_MRLWR1C6,2,0,0,0,0,0,0,0,0,0,0,0,0,0,0,0,0,0,0,0,0,0
EC_MRLWR1C9,2,0,0,0,0,0,0,0,0,0,0,0,0,0,0,0,0,0,0,0,0,0
EC_MRLWR1C10,0,0,0,1,1,0,0,0,0,0,0,0,0,0,0,0,0,0,0,0,0,0
EC_MRLWR1C11,2,0,0,0,0,0,0,0,0,0,0,0,0,0,0,0,0,0,0,0,0,0
EC_MRLWR1C13,2,0,0,0,0,0,0,0,0,0,0,0,0,0,0,0,0,0,0,0,0,0
EC_MRLWR1C16,2,0,0,0,0,0,0,0,0,0,0,0,0,0,0,0,0,0,0,0,0,0
EC_MRLWR1C20,2,0,0,0,0,0,0,0,0,0,0,0,0,0,0,0,0,0,0,0,0,0
EC_MRLWR2C1,0,0,0,0,0,0,0,0,0,0,0,0,0,0,0,0,0,0,0,0,0,0
EC_MRLWR2C3,2,1,0,0,1,0,0,0,0,0,0,0,0,0,0,0,0,0,0,0,2,0
EC_MRLWR2C7,2,2,0,0,2,0,0,0,0,,,,0,0,0,0,0,0,0,0,0,0
EC_MRLWR2C10,2,0,0,1,1,0,0,0,0,0,0,0,2,1,0,0,0,1,0,0,2,2
EC_MRLWR2C11,2,0,0,0,0,0,0,0,0,0,0,0,0,0,1,0,0,0,0,0,0,0
EC_MRLWR2C17,2,0,0,0,0,0,0,0,0,0,0,0,0,0,1,0,0,0,0,0,0,0
EC_MRLWR3C12,2,0,0,0,0,0,0,0,0,0,0,0,0,0,1,0,0,0,0,0,0,0
EC_MRLWR3C16,0,0,0,0,0,0,0,0,0,0,0,0,0,0,0,0,0,0,0,0,0,0
EC_MRLWR3C17,0,0,0,0,0,0,0,0,0,0,0,0,2,0,0,0,0,0,0,0,0,2
EC_MRLWR3C20,2,0,0,0,0,0,0,0,0,0,0,0,2,1,0,0,0,0,0,0,0,2
VC_MRLWR1C3,2,0,0,0,,0,0,,,,,,0,0,,0,0,0,,,0,0
VC_MRLWR1C6,2,0,0,0,,0,0,,,,,,0,0,,0,0,0,,,0,0
VC_MRLWR1C7,2,1,0,0,,0,2,,,,,,0,0,,0,0,0,,,0,0
VC_MRLWR1C12,2,0,0,0,,0,0,,,,,,0,0,,0,0,0,,,0,0
VC_MRLWR1C15,2,0,0,0,,0,0,,,,,,0,0,,0,0,0,,,0,0
VC_MRLWR2C2,2,0,0,0,,0,1,,,,,,0,0,,0,0,0,,,0,0
VC_MRLWR2C8,2,0,0,0,,0,0,,,,,,0,0,,0,0,0,,,0,0
VC_MRLWR3C5,,2,0,0,2,0,0,2,0,,0,0,0,0,0,0,0,0,0,0,0,0
VC_MRLWR3C10,2,1,0,0,,0,0,,,,,,0,0,,0,2,0,,,0,0
EC_MRFTR1C2,0,0,0,0,0,0,0,0,0,0,0,0,0,0,0,0,0,0,0,0,0,0
EC_MRFTR1C4,2,0,0,0,0,0,0,0,0,0,0,0,0,0,1,0,0,0,0,0,0,0
EC_MRFTR1C9,2,0,0,0,0,0,0,0,0,0,0,0,0,0,1,0,0,0,0,0,0,0
EC_MRFTR1C10,2,0,0,0,0,0,0,0,0,0,0,0,0,0,1,0,0,0,0,0,0,0
EC_MRFTR2C3,2,0,0,0,0,0,0,0,0,0,0,0,0,0,0,0,0,0,0,0,0,0
EC_MRFTR2C5,2,0,0,0,0,0,0,0,0,0,0,0,0,0,0,0,0,0,0,0,0,0
EC_MRFTR2C6,0,0,0,0,1,0,0,0,0,0,0,0,0,0,0,0,0,0,0,0,0,0
EC_MRFTR2C7,0,0,0,0,1,0,0,0,0,0,0,0,0,0,0,0,0,0,0,0,0,0
EC_MRFTR2C8,0,0,0,0,0,0,0,0,0,0,0,0,0,0,0,0,0,0,0,0,0,0
EC_MRFTR2C10,0,0,0,0,0,0,0,0,0,0,0,0,0,0,0,0,0,0,0,0,0,0
EC_MRFTR3C1,0,0,0,0,0,0,0,0,0,0,0,0,0,0,0,0,0,0,0,0,0,0
EC_MRFTR3C2,0,0,0,0,0,0,0,0,0,0,0,0,0,0,0,0,0,0,0,0,0,0
EC_MRFTR3C3,0,0,0,0,0,0,0,0,0,0,0,0,0,0,0,0,0,0,0,0,0,0
EC_MRFTR3C4,2,0,0,0,0,0,0,0,0,0,0,0,0,0,0,0,0,0,0,0,0,0
EC_MRFTR3C5,0,0,0,0,0,0,0,0,0,0,0,0,0,0,0,0,0,0,0,0,0,0
EC_MRFTR3C6,2,2,0,0,2,0,0,2,0,,,0,0,0,0,0,0,0,0,0,0,0
EC_MRFTR3C8,2,0,0,0,0,0,0,0,0,0,0,0,0,0,0,0,0,0,0,0,0,0
EC_MRFTR3C11,2,0,0,0,0,0,0,0,0,0,0,0,0,0,0,0,0,0,0,0,0,0
SG_MRFTR1C2,,2,0,0,2,0,0,2,0,0,0,0,2,0,1,0,1,0,0,0,0,2
VC_MRFTR1C2,2,0,0,0,1,0,0,0,0,0,0,0,0,0,0,0,0,0,0,0,0,2
VC_MRFTR3C1,0,0,0,0,0,0,0,0,0,0,0,0,0,0,0,0,0,0,0,0,0,0
EC_MRFKR1C3,2,0,0,0,0,0,0,0,0,0,0,0,0,0,0,0,0,0,0,0,0,0
EC_MRFKR1C5,2,0,0,0,0,0,0,0,0,0,0,0,0,0,0,0,0,0,0,0,0,0
EC_MRFKR2C1,0,0,0,0,0,0,0,0,0,0,0,0,0,0,0,0,0,0,0,0,0,0
EC_MRFKR2C2,2,2,0,0,2,2,2,2,2,,,,2,1,1,0,2,0,0,0,2,2
EC_MRFKR2C5,2,0,0,0,0,0,0,0,0,0,0,0,0,0,0,0,0,0,0,0,0,0
EC_MRFKR2C7,2,0,0,0,1,0,0,0,0,0,0,0,0,0,0,0,0,0,0,0,2,0
EC_MRFKR3C3,2,0,0,0,0,0,0,0,0,0,0,0,2,0,0,0,0,0,0,0,0,2
EC_MRFKR3C6,2,0,0,0,0,0,0,0,0,0,0,0,0,0,0,0,0,0,0,0,0,0
EC_MRFKR3C7,2,0,0,0,0,0,0,0,0,0,0,0,0,0,0,0,0,0,0,0,0,0
EC_MRFKR3C9,2,0,0,0,0,0,0,0,0,0,0,0,0,0,0,0,0,0,0,0,0,0
VC_MRFKR1C3,2,0,0,0,0,0,0,0,0,0,0,0,0,0,0,0,0,0,0,0,0,0
VC_MRFKR2C5,2,0,0,0,0,0,0,0,0,0,0,0,0,0,0,0,0,0,0,0,0,0
VC_MRFKR3C2,,2,0,1,2,0,0,2,0,,0,,0,0,1,0,0,0,0,0,0,0
EC_MDDWR1C1,2,0,0,0,0,0,0,0,0,0,0,0,0,0,1,0,0,0,0,0,0,0
EC_MDDWR1C2,2,0,0,0,0,0,0,0,0,0,0,0,0,0,0,0,0,0,0,0,0,0
EC_MDDWR2C3,2,0,0,0,0,0,0,0,0,0,0,0,0,0,0,0,0,0,0,0,0,0
SAL_MDDWR2C1,2,0,0,0,2,2,2,2,2,,,,2,1,2,0,0,0,0,0,0,2
SAL_MDDWR2C2,0,0,0,0,0,0,0,0,0,0,0,0,0,0,1,0,0,0,0,0,0,0
EC_MDLWR1C1,,0,0,0,0,0,0,0,0,,0,,0,0,0,0,0,0,0,0,0,0
EC_MDLWR1C6,2,0,0,0,0,0,0,0,0,0,0,0,0,0,1,0,0,0,0,0,0,0
EC_MDLWR1C12,,2,0,0,2,2,0,2,0,,,0,0,0,1,0,0,0,0,0,0,0
EC_MDLWR2C4,,2,0,0,2,0,0,2,0,,0,0,0,0,1,0,0,0,0,0,0,0
EC_MDLWR2C8,2,0,0,0,0,0,0,0,0,0,0,0,0,0,0,0,0,0,0,0,0,0
EC_MDLWR2C9,2,0,0,0,0,0,0,0,0,0,0,0,0,0,0,0,0,0,0,0,0,0
EC_MDLWR2C12,,2,0,0,2,0,0,2,0,,0,0,0,0,0,0,0,0,,0,0,0
EC_MDFTR1C2,2,0,0,0,0,0,0,0,0,0,0,0,0,0,0,0,0,0,0,0,0,0
EC_MDFTR1C4,0,0,0,1,0,0,0,0,0,0,0,0,1,0,0,0,0,0,0,0,0,2
EC_MDFTR1C7,0,0,0,0,0,0,0,0,0,0,0,0,0,0,0,0,0,0,0,0,0,0
EC_MDFTR1C8,,0,0,0,2,0,0,2,0,,0,0,0,0,0,0,0,0,0,0,0,0
EC_MDFTR1C9,0,0,0,0,0,0,0,0,0,0,0,0,0,0,0,0,0,0,0,0,0,0
EC_MDFTR1C11,0,0,0,0,0,0,0,0,0,0,0,0,2,0,0,0,0,0,0,0,0,2
EC_MDFTR1C13,,2,0,0,2,0,1,2,0,,0,0,2,0,0,0,0,0,0,0,0,0
EC_MDFTR1C15,0,0,0,1,0,0,0,0,0,0,0,0,0,0,0,0,0,0,0,0,0,0
EC_MDFTR1C16,2,0,0,0,2,1,1,2,0,,,0,2,0,0,0,0,0,0,1,2,1
EC_MDFTR1C17,2,0,0,2,2,0,0,2,0,,,,2,0,0,0,0,0,0,0,2,0
EC_MDFTR1C18,0,0,0,1,1,0,0,0,0,0,0,0,0,0,0,0,0,0,0,0,0,0
EC_MDFTR2C3,2,0,0,0,2,2,2,2,1,,,,0,0,0,0,2,0,0,0,0,0
EC_MDFTR2C6,0,0,0,0,0,0,0,0,0,0,0,0,0,0,0,0,0,0,0,0,0,0
EC_MDFTR2C7,0,0,0,0,1,0,0,0,0,0,0,0,0,0,0,0,0,0,0,0,0,0
EC_MDFTR2C8,2,0,0,0,0,0,0,0,0,0,0,0,2,0,0,0,0,0,0,0,0,1
EC_MDFTR2C10,0,0,0,1,1,0,0,0,0,0,0,0,0,0,0,0,0,0,0,0,0,0
EC_MDFTR2C14,,0,0,0,2,0,0,2,0,0,0,0,2,1,0,0,0,0,0,0,0,2
EC_MDFTR2C15,2,0,0,0,0,0,0,0,0,0,0,0,0,0,0,0,0,0,0,0,0,0
EC_MDFTR2C16,,0,0,2,2,2,1,2,1,,,0,2,1,0,0,0,0,0,0,2,1
EC_MDFTR3C1,0,0,0,0,0,0,0,0,0,0,0,0,0,0,0,0,0,0,0,0,0,0
EC_MDFTR3C8,2,0,0,0,2,0,0,2,0,0,0,0,2,1,0,0,0,0,0,1,2,2
EC_MDFTR3C10,2,0,0,0,0,0,0,0,0,0,0,0,2,1,1,0,0,0,0,1,2,2
EC_MDFTR3C16,2,0,0,0,0,0,0,2,0,0,0,0,0,0,0,0,0,0,0,0,0,0
EC_MDFTR3C17,2,0,0,2,2,1,1,2,0,,,,2,0,0,0,0,0,0,0,2,2
EC_MDFTR3C18,2,0,0,2,0,0,0,2,0,0,0,0,2,0,0,0,0,0,0,0,2,2
SAL_MDFTR2C1,2,0,2,2,2,1,1,2,0,,,0,0,1,0,2,0,0,0,1,0,0
SAL_MDFTR2C5,2,0,2,1,2,1,1,2,0,,,0,0,1,0,2,0,0,0,0,0,0
SAL_MDFTR3C6,2,0,0,0,2,2,2,2,1,2,,0,2,2,0,0,0,2,1,2,2,2
VC_MDFTR1C1,2,0,0,0,0,0,0,0,0,0,0,0,1,0,0,0,0,0,0,0,0,2
VC_MDFTR3C1,2,0,0,2,2,1,0,2,0,0,,0,2,1,0,0,0,0,0,0,2,2
VC_MDFTR3C4,0,0,0,0,0,0,0,0,0,0,0,0,0,0,0,0,0,0,0,0,0,0
EC_MDFKR1C3,2,0,0,0,0,0,0,0,0,0,0,0,0,0,1,0,0,0,0,0,0,0
EC_MDFKR1C4,2,0,0,0,0,0,0,0,0,0,0,0,0,0,1,0,0,0,0,0,0,0
EC_MDFKR2C1,0,0,0,0,0,0,0,0,0,0,0,0,0,0,0,0,0,0,0,0,0,0
EC_MDFKR2C4,2,0,0,0,0,0,0,0,0,0,,0,2,1,0,0,0,0,0,1,0,2
EC_MDFKR2C6,2,0,0,0,0,0,0,0,0,0,0,0,2,0,0,0,0,0,0,0,0,1
EC_MDFKR3C1,2,0,0,0,0,0,0,0,0,0,0,0,0,0,0,0,0,0,0,0,0,0
EC_MDFKR3C2,2,0,0,0,0,0,0,0,0,0,0,0,0,0,1,0,0,0,0,0,0,0
EC_MDFKR3C4,2,0,0,2,0,0,0,0,0,0,0,0,2,0,0,0,0,0,0,0,0,2
EC_MDFKR3C5,0,0,0,0,0,0,0,0,0,0,0,0,2,0,0,0,0,0,0,0,0,1
SAL_MDFKR3C4,0,0,0,0,0,0,0,0,0,0,0,0,0,0,0,0,0,0,0,0,0,0
VC_MDFKR1C1,0,0,0,0,0,0,0,0,0,0,0,0,2,0,0,0,0,0,0,0,0,1
EC_PRDWR1C1,,2,0,0,2,0,1,2,0,,0,0,0,0,1,0,0,0,0,0,0,0
EC_PRDWR1C6,2,0,0,0,0,0,1,0,0,0,0,0,0,0,0,0,0,0,0,0,0,0
EC_PRDWR1C9,,2,0,0,2,0,0,2,0,,0,0,0,0,1,0,0,0,0,0,0,0
EC_PRDWR2C6,,2,0,0,2,0,0,2,0,,0,0,0,0,1,0,0,0,0,0,0,0
EC_PRDWR3C3,,2,0,0,2,0,0,2,0,,0,0,0,0,1,0,0,0,0,0,0,0
EC_PRDWR3C5,,2,0,0,2,0,0,2,0,,0,0,0,0,0,0,0,0,0,0,0,0
EC_PRDWR3C9,,2,0,0,2,0,0,2,0,,0,0,0,0,0,0,0,0,0,0,0,0
EC_PRDWR3C10,,2,0,0,2,0,0,2,0,,0,0,0,0,1,0,0,0,0,0,0,0
EC_PRRWR1C2,,2,0,0,2,0,0,2,0,,0,0,0,0,0,0,0,0,0,0,0,0
EC_PRRWR1C5,2,0,0,2,0,0,0,0,0,0,0,0,2,1,0,0,0,0,1,1,2,2
EC_PRRWR1C10,2,0,0,0,0,0,0,0,0,0,0,0,0,0,0,0,0,0,0,0,0,0
EC_PRRWR2C4,2,0,0,0,0,0,0,0,0,0,0,0,0,0,1,0,0,0,0,0,0,0
EC_PRRWR2C9,2,0,0,2,0,0,0,0,0,0,0,0,2,0,0,0,0,0,1,1,2,2
EC_PRRWR3C1,,2,0,0,2,0,0,2,0,,0,0,0,0,0,0,0,0,0,0,0,0
EC_PRRWR3C4,,2,0,0,2,0,1,2,0,,0,0,0,0,0,0,0,0,0,0,0,0
EC_PRRWR3C9,2,0,0,0,0,0,0,2,0,0,0,0,0,0,0,0,0,0,0,0,0,0
EC_PRFTR1C2,0,0,0,0,1,0,0,0,0,0,0,0,0,0,0,0,0,0,0,0,0,0
EC_PRFTR1C10,0,0,0,0,0,0,0,0,0,0,0,0,0,0,0,0,0,0,0,0,0,0
EC_PRFTR1C16,,2,0,0,2,1,0,2,0,0,0,0,0,0,1,0,0,0,0,0,0,0
EC_PRFTR1C17,,2,0,0,2,0,0,2,0,,0,0,0,0,1,0,0,0,0,0,0,0
EC_PRFTR2C5,,2,0,0,2,1,0,2,0,0,0,0,0,1,1,0,0,0,0,0,0,0
EC_PRFTR2C7,2,0,0,0,0,0,0,2,0,0,0,0,0,0,0,0,0,0,0,0,0,0
EC_PRFTR2C18,,2,0,0,2,0,0,2,0,0,0,0,0,0,1,0,0,0,0,0,0,0
EC_PRFTR3C5,,2,0,0,2,0,0,2,0,,0,0,0,0,1,0,0,0,0,0,0,0
EC_PRFGR1C1,,2,0,0,2,0,0,2,0,0,0,0,0,0,1,0,0,0,0,0,0,0
EC_PRFGR1C7,,2,0,0,2,0,0,2,0,,0,0,0,0,1,0,0,0,0,0,0,0
EC_PRFGR1C12,,2,0,0,2,0,0,2,0,,0,0,0,0,1,0,0,0,0,0,0,0
EC_PRFGR1C15,,2,0,0,2,0,0,2,0,,0,0,0,0,1,0,0,0,0,0,0,0
EC_PRFGR1C18,,2,0,0,2,0,0,2,0,,0,0,0,0,1,0,0,0,0,0,0,0
EC_PRFGR2C2,2,0,0,2,0,0,0,0,0,0,0,0,2,1,1,0,0,0,0,1,2,2
EC_PRFGR2C7,2,0,0,0,0,0,0,0,0,0,0,0,0,0,0,0,0,0,0,0,0,0
EC_PRFGR2C8,2,0,0,0,0,0,0,0,0,0,0,0,0,0,1,0,0,0,0,0,0,0
EC_PRFGR2C11,,2,0,0,2,1,0,2,0,0,0,0,0,0,1,0,0,0,0,0,0,0
EC_PRFGR3C1,,2,0,0,2,0,0,2,0,,0,0,0,0,0,0,0,0,0,0,0,0
EC_PRFGR3C6,,2,0,0,2,0,0,2,0,,0,0,0,0,1,0,0,0,0,0,0,0
EC_PRFGR3C10,,2,0,0,2,0,0,2,0,,0,0,0,0,1,0,0,0,0,0,0,0
EC_PRFGR3C17,,2,0,0,2,0,0,2,0,,0,0,0,0,1,0,0,0,0,0,0,0
EC_PRFGR3C20,,2,0,0,2,0,1,2,0,,0,0,0,0,1,0,0,0,0,0,0,0
SALPRDWR1C3,0,0,2,0,2,0,0,2,0,0,0,0,0,0,0,2,0,0,0,0,0,0
SALPRDWR2C5,2,0,0,2,0,0,2,2,0,0,0,0,2,1,0,0,0,0,0,0,2,2
SALPRDWR3C10,0,0,2,0,2,0,0,2,0,0,0,0,0,0,0,2,0,0,0,0,0,0
SALPRDWR3C15,0,0,0,2,0,0,0,0,0,0,0,0,2,1,0,0,0,0,0,0,2,2
SGPRDWR1C6,0,0,2,0,2,0,0,2,0,0,0,0,0,0,0,2,0,0,0,0,0,0
SGPRDWR1C10,0,0,2,0,2,0,2,2,0,0,0,0,0,0,0,2,0,0,0,0,0,0
SGPRDWR2C5,0,0,2,0,2,0,0,2,0,0,0,0,0,0,0,2,0,0,0,0,0,0
SGPRDWR2C9,0,0,2,0,2,0,0,2,0,0,0,0,0,0,0,2,0,0,0,0,0,0
SGPRDWR3C8,0,0,2,0,2,0,2,2,0,0,0,0,0,0,0,2,0,0,0,0,0,0
SGPRDWR3C9,0,0,2,0,2,0,0,2,0,0,0,0,0,0,0,2,0,0,0,0,0,0
SALPRRWR2C7,0,0,2,0,2,0,2,2,0,0,0,0,0,0,0,2,0,0,0,0,0,0
SALPRRWR2C9,2,0,0,2,0,0,0,2,0,0,0,0,2,1,0,0,0,0,0,0,2,2
SALPRRWR3C8,0,0,0,2,0,0,0,0,0,0,0,0,2,1,0,0,0,0,0,0,2,2
SALPRRWR3C10,0,0,0,2,0,0,0,0,0,0,0,0,2,1,0,0,0,0,0,0,2,2
SGPRFGR3C1,2,0,0,0,0,0,0,2,0,0,0,0,2,0,0,0,0,0,0,0,0,2
VCPRDWR2C6,2,2,0,1,1,0,1,2,0,0,0,0,0,0,0,0,0,0,0,0,0,0
VCPRRWR1C3,2,1,0,2,2,2,2,2,2,2,,0,2,2,0,2,0,2,0,2,2,2
VCPRRWR1C6,0,0,0,0,0,0,1,0,0,0,0,0,0,0,0,0,0,0,0,0,0,0
VCPRRWR1C7,2,0,0,0,0,0,1,0,0,0,0,0,1,0,0,0,0,0,0,0,0,2
VCPRRWR3C8,,2,0,0,2,0,1,2,0,,0,0,0,0,1,0,0,0,0,0,0,0
VCPRFTR1C5,2,0,0,0,0,2,1,2,0,0,0,0,0,1,0,0,0,0,0,0,0,0
VCPRFTR1C6,2,0,0,0,0,0,1,2,0,0,0,0,1,1,0,0,0,0,0,0,0,2
VCPRFTR1C7,2,0,0,0,0,0,1,2,0,0,0,0,0,0,0,0,0,0,0,0,0,0
VCPRFTR1C9,2,0,0,0,0,0,1,2,0,0,0,0,0,1,0,0,0,0,0,0,0,0
VCPRFTR1C10,2,0,0,0,0,0,1,2,0,0,0,0,0,0,0,0,0,0,0,0,0,0
EC_MKDWR1C1,,2,0,0,2,0,0,2,0,,0,0,0,0,0,0,0,0,0,0,0,0
EC_MKDWR1C3,2,0,0,0,0,0,0,0,0,0,0,0,0,0,0,0,0,0,0,0,0,0
EC_MKDWR1C7,2,0,0,0,0,0,0,0,0,0,0,0,2,0,0,0,0,0,0,0,0,2
EC_MKDWR2C3,2,0,0,0,0,0,0,0,0,,0,0,2,0,0,0,0,0,0,0,2,2
EC_MKDWR2C4,2,0,0,0,1,0,0,0,0,0,,0,0,0,0,0,0,0,0,0,2,0
EC_MKDWR2C8,0,0,0,0,0,0,0,0,0,0,0,0,0,0,0,0,0,0,0,0,0,0
EC_MKDWR2C9,2,0,0,0,0,0,0,0,0,0,0,0,2,0,0,0,0,0,0,0,0,2
EC_MKDWR2C10,2,0,0,0,0,0,0,0,0,0,0,0,2,0,0,0,0,0,0,0,2,2
EC_MKDWR3C1,2,0,0,0,2,2,2,2,2,2,,0,0,1,1,0,0,0,0,0,2,0
EC_MKDWR3C2,0,0,0,0,1,0,0,0,0,0,0,0,0,0,0,0,0,0,0,0,0,0
EC_MKDWR3C4,0,0,0,0,0,0,0,0,0,0,0,0,0,0,0,0,0,0,0,0,0,0
EC_MKDWR3C6,2,0,0,0,0,0,0,0,0,0,0,0,0,0,0,0,0,0,0,0,0,0
EC_MKDWR3C8,2,0,0,0,0,0,0,0,0,0,0,0,0,0,0,0,0,0,0,0,0,0
EC_MKDWR3C9,2,0,0,0,0,0,0,0,0,0,0,0,0,0,0,0,0,0,0,0,0,0
SAL_MKDWR1C1,,2,0,0,2,0,0,2,0,,0,0,0,0,0,0,0,0,0,0,0,0
SAL_MKDWR2C2,2,0,0,0,0,0,0,0,0,,,0,2,0,0,0,0,0,0,0,0,2
SAL_MKDWR3C4,,2,0,0,2,0,0,2,0,0,0,0,0,0,0,0,0,0,0,0,0,0
SG_MKDWR1C1,0,0,0,0,0,0,0,0,0,0,0,0,0,0,0,0,0,0,0,0,0,0
VC_MKDWR1C1,,2,0,1,2,0,0,2,0,,,0,0,0,2,0,0,0,0,0,0,0
VC_MKDWR1C2,,2,0,1,2,1,0,2,0,,,0,0,0,1,0,0,0,0,0,0,0
VC_MKDWR1C3,,2,0,1,2,0,0,2,0,,,0,0,0,2,0,0,0,0,0,0,0
VC_MKDWR1C5,,2,0,1,2,0,0,2,0,,,0,0,0,2,0,0,0,0,0,0,0
VC_MKDWR1C6,2,0,0,0,0,0,0,0,0,0,0,0,0,0,1,0,0,0,0,0,0,0
VC_MKDWR2C1,,2,0,0,2,1,0,2,0,,0,0,0,0,1,0,0,0,0,0,0,0
VC_MKDWR2C2,,2,0,1,2,2,0,2,0,,,0,0,0,2,0,0,0,0,0,0,0
VC_MKDWR3C2,,2,0,1,2,0,0,2,0,,0,0,0,0,1,0,0,0,0,0,0,0
VC_MKDWR3C3,,2,0,1,2,0,0,2,0,,,0,2,0,2,0,0,0,0,0,0,2
EC_MKLWR1C6,2,0,0,0,0,0,0,0,0,0,0,0,1,0,0,0,0,0,0,0,0,2
EC_MKLWR2C1,,2,0,0,2,0,0,2,0,,0,0,0,0,1,0,0,0,0,0,0,0
EC_MKLWR2C3,0,0,0,0,0,0,0,0,0,0,0,0,0,0,0,0,0,0,0,0,0,0
EC_MKLWR2C4,0,0,0,0,0,0,0,0,0,0,0,0,0,0,0,0,0,0,0,0,0,0
EC_MKLWR2C5,2,2,0,0,2,2,2,2,2,,,0,2,1,1,0,0,0,0,1,2,2
EC_MKLWR2C6,2,2,0,0,2,2,2,2,2,,,0,2,1,1,0,0,0,0,1,2,2
EC_MKLWR3C4,0,0,0,0,0,0,0,0,0,0,0,0,2,0,0,0,0,0,0,0,0,2
EC_MKLWR3C8,,2,0,0,2,0,0,2,0,,0,0,0,0,1,0,0,0,0,0,0,0
SG_MKLWR1C4,2,0,0,0,,0,0,,,,,,0,0,,0,0,0,,,0,0
VC_MKLWR1C11,2,0,0,0,,0,0,,,,,,0,0,0,0,0,0,,,0,0
VC_MKLWR2C5,1,0,0,0,0,0,2,0,2,,,,0,0,0,0,0,0,0,0,,0
VC_MKLWR3C1,,2,0,1,2,0,0,2,0,,0,0,0,0,2,0,0,0,0,0,0,0
VC_MKLWR3C2,,2,0,0,2,1,0,2,0,,,0,0,0,2,0,0,0,0,0,0,0
VC_MKLWR3C3,,2,0,1,2,0,0,2,0,,,0,2,0,2,0,0,0,0,0,0,2
EC_MKFTR1C1,1,0,0,0,0,0,0,0,0,0,0,0,0,0,1,0,0,0,0,0,0,0
EC_MKFTR1C2,,2,0,0,2,0,0,2,0,,0,0,0,0,0,0,0,0,0,0,0,0
EC_MKFTR1C9,2,0,0,0,1,0,0,0,0,0,0,0,1,1,0,0,0,0,0,0,0,2
EC_MKFTR1C11,2,0,0,0,0,0,0,0,0,0,,0,2,0,0,0,0,0,0,0,2,2
EC_MKFTR1C12,0,0,0,0,0,0,0,0,0,0,0,0,0,0,0,0,0,0,0,0,0,0
EC_MKFTR1C13,2,0,0,0,2,1,1,2,0,,,,0,0,0,0,0,0,0,0,0,0
EC_MKFTR1C15,2,1,0,0,2,0,0,2,0,0,,0,2,0,1,0,0,0,0,0,0,2
EC_MKFTR1C16,2,0,0,0,0,0,0,0,0,0,0,0,0,0,0,0,0,0,0,0,0,0
EC_MKFTR2C1,0,0,0,0,1,0,0,0,0,0,0,0,2,0,0,0,0,0,0,0,0,2
EC_MKFTR2C2,0,0,0,0,1,0,0,0,0,0,0,0,2,0,0,0,0,0,0,0,0,2
EC_MKFTR2C3,2,0,0,0,1,0,0,0,0,0,0,0,2,0,0,0,0,0,0,0,2,2
EC_MKFTR2C4,2,0,0,0,0,0,0,0,0,0,0,0,0,0,1,0,0,0,0,0,0,0
EC_MKFTR2C5,2,0,0,0,0,0,0,0,0,0,0,0,0,0,0,0,0,0,0,0,0,0
EC_MKFTR2C7,2,0,0,0,0,0,0,0,0,0,,0,2,0,0,0,0,0,0,0,2,2
EC_MKFTR2C8,2,0,0,0,0,0,0,0,0,0,0,0,0,0,0,0,0,0,0,0,0,0
EC_MKFTR2C15,2,0,0,0,0,0,0,0,0,0,0,0,2,0,0,0,0,0,0,0,2,2
EC_MKFTR2C16,2,0,0,0,0,0,0,0,0,0,0,0,0,0,0,0,0,0,0,0,0,0
EC_MKFTR3C1,0,0,0,0,1,0,0,0,0,0,0,0,2,0,0,0,0,0,0,0,0,2
EC_MKFTR3C2,2,0,0,0,0,0,0,0,0,0,0,0,0,0,1,0,0,0,0,0,0,0
EC_MKFTR3C3,,2,0,0,2,0,0,2,0,,0,0,0,0,0,0,0,0,0,0,0,0
EC_MKFTR3C4,2,0,0,0,0,0,0,0,0,0,,0,0,0,1,0,0,0,0,0,0,0
EC_MKFTR3C5,2,0,0,0,0,0,0,0,0,0,0,0,0,0,1,0,0,0,0,0,0,0
EC_MKFTR3C7,2,0,0,0,0,0,0,0,0,0,0,0,0,0,1,0,0,0,0,0,0,0
EC_MKFTR3C8,2,0,0,0,0,0,0,0,0,0,0,0,0,0,0,0,0,0,0,0,0,0
EC_MKFTR3C9,2,0,0,0,0,0,0,0,0,0,0,0,0,0,0,0,0,0,0,0,0,0
EC_MKFTR3C13,2,0,0,0,0,0,0,0,0,0,0,0,2,0,0,0,0,0,0,0,2,2
EC_MKFTR3C14,2,0,0,0,0,0,0,0,0,0,0,0,0,0,0,0,0,0,0,0,0,0
SAL_MKFTR1C1,2,0,0,0,0,0,0,0,0,0,0,0,0,0,0,0,0,0,0,0,0,0
SG_MKFTR3C2,2,0,0,0,2,0,0,0,0,0,0,0,0,0,0,0,0,0,0,0,0,0
EC_MKFKR1C2,0,0,0,0,0,0,0,0,0,0,0,0,2,0,0,0,0,0,0,0,0,2
EC_MKFKR1C3,0,0,0,0,0,0,0,0,0,0,0,0,2,0,0,0,0,0,0,0,0,2
EC_MKFKR1C4,,2,0,0,2,0,0,2,0,,0,0,2,0,1,0,0,0,0,0,0,2
EC_MKFKR1C6,0,0,,0,0,0,0,0,0,0,0,0,2,0,0,0,0,0,0,0,0,2
EC_MKFKR1C7,2,0,0,0,0,0,0,0,0,0,0,0,1,0,2,0,0,0,0,0,0,2
EC_MKFKR1C8,0,0,0,0,0,0,0,0,0,0,0,0,2,0,0,0,0,0,0,0,0,2
EC_MKFKR1C9,,2,0,0,2,1,0,2,0,,,0,0,0,0,0,0,0,0,0,0,0
EC_MKFKR1C11,2,2,0,0,0,0,0,0,0,0,0,0,,,1,0,0,,0,0,0,0
EC_MKFKR1C15,2,0,0,0,0,0,0,0,0,0,0,0,0,0,0,0,0,0,0,0,0,0
EC_MKFKR1C16,2,0,0,0,0,0,0,0,0,0,0,0,1,0,1,0,0,0,0,0,0,2
EC_MKFKR2C1,0,0,0,0,0,0,0,0,0,0,0,0,2,0,0,0,0,0,0,0,0,2
EC_MKFKR2C2,2,0,0,0,0,0,0,0,0,0,0,0,0,0,1,0,0,0,0,0,0,0
EC_MKFKR2C3,2,0,0,0,0,0,0,0,0,0,0,0,0,0,0,0,0,0,0,0,0,0
EC_MKFKR2C4,,0,0,0,0,0,0,0,0,,,,0,0,0,0,0,0,0,0,0,0
EC_MKFKR2C6,2,0,0,0,0,0,0,0,0,0,0,0,0,0,1,0,0,0,0,0,0,0
EC_MKFKR2C11,,0,0,0,0,0,0,0,0,,,,0,0,1,0,0,0,0,0,0,0
EC_MKFKR2C13,2,0,0,0,2,0,0,2,0,0,0,0,2,0,1,0,0,0,0,0,0,2
EC_MKFKR2C14,2,0,0,0,0,0,0,0,0,0,0,0,0,0,0,0,0,0,0,0,0,0
EC_MKFKR2C15,0,0,0,0,0,0,0,0,0,0,0,0,2,0,0,0,0,0,0,0,0,2
EC_MKFKR3C2,0,0,0,0,0,0,0,0,0,0,0,0,2,0,0,0,0,0,0,0,0,2
EC_MKFKR3C3,,2,0,0,2,0,0,2,0,,0,0,2,0,0,0,0,0,0,0,0,2
EC_MKFKR3C4,,2,0,0,2,0,0,2,0,,0,0,2,0,0,0,0,0,0,0,0,2
EC_MKFKR3C7,,2,0,0,2,0,0,2,0,0,0,0,0,0,1,0,0,0,0,0,0,0
EC_MKFKR3C10,2,0,0,0,0,0,0,0,0,0,0,0,0,0,0,0,0,0,0,0,0,0
EC_MKFKR3C11,,0,0,0,0,0,0,0,0,,,0,0,0,1,0,0,0,0,0,0,0
EC_MKFKR3C13,2,0,0,0,0,0,0,2,0,0,0,0,0,0,0,0,0,0,0,0,0,0
SAL_MKFKR2C1,0,0,0,1,1,0,0,0,0,0,0,0,0,0,0,0,0,0,0,0,0,0
SAL_MKFKR2C3,0,0,0,0,0,0,0,0,0,0,0,0,0,0,0,0,0,0,0,0,0,0
EC_PGDWR1C2,,2,0,0,2,0,0,2,0,,0,0,0,0,1,0,0,0,0,0,0,0
EC_PGDWR1C3,,2,0,0,2,0,0,2,0,,0,0,0,0,0,0,0,0,0,0,0,0
EC_PGDWR2C1,2,0,0,0,0,0,0,0,0,0,0,0,0,0,0,0,0,0,0,0,0,0
EC_PGDWR2C3,2,0,0,0,0,0,0,0,0,0,0,0,0,0,0,0,0,0,0,0,0,0
EC_PGDWR2C4,2,0,0,0,0,0,0,0,0,0,0,0,0,0,0,0,0,0,0,0,0,0
EC_PGDWR3C1,2,0,0,0,0,0,0,0,0,0,0,0,0,0,0,0,0,0,0,0,0,0
EC_PGDWR3C4,2,0,0,0,0,0,0,0,0,0,0,0,0,0,0,0,0,0,0,0,0,0
EC_PGRWR1C2,,2,0,0,2,0,0,2,0,,0,0,0,0,1,0,0,0,0,0,0,0
EC_PGRWR1C3,,2,0,0,2,0,0,2,0,0,0,0,0,0,0,0,0,0,0,0,0,0
EC_PGRWR1C4,2,0,0,0,0,0,0,0,0,0,0,0,0,0,0,0,0,0,0,0,0,0
EC_PGRWR1C8,,2,0,0,2,0,0,2,0,,,0,0,0,1,0,0,0,0,0,0,0
EC_PGRWR2C5,,2,0,0,2,0,0,2,0,,0,0,0,0,1,0,0,0,0,0,0,0
EC_PGRWR2C6,2,0,0,0,0,0,0,0,0,0,0,0,0,0,1,0,0,0,0,0,0,0
EC_PGRWR3C1,2,0,0,0,0,0,0,0,0,0,0,0,0,0,0,0,0,0,0,0,0,0
EC_PGRWR3C2,2,0,0,0,0,0,0,0,0,0,0,0,0,0,1,0,0,0,0,0,0,0
EC_PGFTR1C2,,2,0,0,2,1,0,2,0,0,0,0,0,0,1,0,0,0,0,0,0,0
EC_PGFTR1C6,,2,0,0,2,0,0,2,0,0,0,0,0,0,1,0,0,0,0,0,0,0
EC_PGFTR1C7,,2,0,0,2,0,0,2,0,0,0,0,0,0,1,0,0,0,0,0,0,0
EC_PGFTR1C11,2,0,0,0,0,0,0,2,0,0,0,0,2,0,0,0,0,0,0,0,0,2
EC_PGFTR1C12,,2,0,0,2,0,0,2,0,0,0,0,0,0,1,0,0,0,0,0,0,0
EC_PGFTR1C15,2,0,0,0,0,0,0,0,0,0,0,0,0,0,0,0,0,0,0,0,0,0
EC_PGFTR1C16,,2,0,0,2,0,0,2,0,0,0,0,0,0,1,0,0,0,0,0,0,0
EC_PGFTR2C1,2,0,0,0,0,0,0,0,0,0,0,0,0,0,1,0,0,0,0,0,0,0
EC_PGFTR2C6,2,0,0,0,0,0,0,0,0,0,0,0,0,0,0,0,0,0,0,0,0,0
EC_PGFTR3C5,,2,0,0,2,0,0,2,0,0,0,0,0,0,1,0,0,0,0,0,0,0
EC_PGFTR3C7,,2,0,0,2,0,0,2,0,0,0,0,0,0,1,0,0,0,0,0,0,0
EC_PGFTR3C12,0,0,0,0,0,2,0,0,0,0,0,0,0,0,0,0,0,0,0,0,0,0
EC_PGFGR1C1,2,0,0,0,1,0,0,0,0,0,0,0,2,0,1,0,0,0,0,0,2,2
EC_PGFGR1C3,,2,0,0,2,0,0,2,0,,0,0,0,0,1,0,0,0,0,0,0,0
EC_PGFGR1C5,,2,0,0,2,1,0,2,0,0,0,0,0,0,1,0,0,0,0,0,0,0
EC_PGFGR1C7,,2,0,0,2,1,0,2,0,,0,0,0,0,1,0,0,0,0,0,0,0
EC_PGFGR1C9,2,0,0,0,0,0,0,0,0,0,0,0,0,0,1,0,0,0,0,0,0,0
EC_PGFGR1C10,2,0,0,0,0,0,0,0,0,0,0,0,0,0,0,0,0,0,0,0,0,0
EC_PGFGR1C14,0,0,0,0,0,0,0,0,0,0,0,0,0,0,0,0,0,0,0,0,0,0
EC_PGFGR1C16,,2,0,0,2,0,0,2,0,,0,0,0,0,0,0,0,0,0,0,0,0
EC_PGFGR1C17,,2,0,0,2,0,0,2,0,0,0,0,0,0,1,0,0,0,0,0,0,0
EC_PGFGR1C20,,2,0,0,2,0,0,2,0,,0,0,0,0,1,0,0,0,0,0,0,0
EC_PGFGR3C2,2,0,0,0,0,0,0,0,0,0,0,0,0,0,0,0,0,0,0,0,0,0
EC_PGFGR3C3,2,0,0,0,0,0,0,0,0,0,0,0,0,0,0,0,0,0,0,0,0,0
EC_PGFGR3C7,,2,0,0,2,0,0,2,0,,0,0,0,0,1,0,0,0,0,0,0,0
EC_PGFGR3C12,2,0,0,0,0,0,0,0,0,0,0,0,0,0,1,0,0,0,0,0,0,0
EC_PGFGR3C15,,2,0,0,2,0,1,2,0,0,0,0,0,0,2,0,0,0,0,0,0,0
EC_PGFGR3C16,,2,0,0,2,0,1,2,0,0,0,0,0,0,1,0,0,0,0,0,0,0
SALPGDWR1C1,2,0,0,2,0,0,0,2,0,0,0,0,2,1,0,0,0,0,0,0,2,2
SALPGDWR1C2,2,0,0,2,0,0,2,2,0,0,0,0,2,2,0,0,0,0,0,0,2,2
SALPGDWR2C3,0,0,0,2,0,0,2,0,0,0,0,0,2,1,0,0,0,0,0,0,2,2
SALPGDWR3C5,2,0,0,2,0,0,2,2,0,0,0,0,2,1,0,0,0,0,0,0,2,2
SALPGDWR3C6,2,0,0,2,0,0,2,2,0,0,0,0,2,1,0,0,0,0,0,0,2,2
SALPGRWR1C1,0,0,0,2,0,0,0,0,0,0,0,0,2,1,0,0,0,0,0,0,2,2
SALPGRWR1C3,0,0,2,0,2,0,0,2,0,0,0,0,0,0,0,2,0,0,0,0,0,0
SALPGRWR2C4,0,0,0,2,0,0,0,0,0,0,0,0,2,1,0,0,0,0,0,2,2,2
SALPGRWR2C8,2,0,0,2,0,0,0,2,0,0,0,0,2,1,0,0,0,0,0,0,2,2
SALPGRWR3C6,0,0,2,0,2,0,0,2,0,0,0,0,0,0,0,2,0,0,0,0,0,0
SALPGRWR3C15,2,0,0,2,0,0,2,2,0,0,0,0,2,1,0,0,0,0,0,0,2,2
SGPGRWR1C9,0,0,0,2,0,0,0,0,0,0,0,0,2,1,0,0,0,0,0,0,2,2
SGPGRWR1C10,0,0,2,0,2,0,0,2,0,0,0,0,0,0,0,2,0,0,0,0,0,0
SGPGRWR3C1,0,0,2,0,2,0,0,2,0,0,0,0,0,0,0,2,0,0,0,0,0,0
SGPGRWR3C2,0,0,0,2,0,0,2,2,0,0,0,0,2,1,0,0,0,0,0,0,2,2
SALPGFTR2C9,0,0,2,0,2,0,0,2,0,0,0,0,0,0,0,2,0,0,0,0,0,0
SALPGFTR2C10,2,0,0,2,0,0,2,2,0,0,0,0,2,1,0,0,0,0,0,1,2,2
SALPGFTR3C1,0,0,2,0,2,0,0,2,0,0,0,0,0,0,0,2,0,0,0,0,0,0
SALPGFTR3C2,0,0,2,0,2,0,0,2,0,0,0,0,0,0,0,2,0,0,0,0,0,0
SALPGFGR2C7,0,0,0,2,0,0,1,0,0,0,0,0,2,1,0,0,0,0,0,0,2,2
SALPGFGR2C9,0,0,2,0,2,0,0,2,0,0,0,0,0,0,0,2,0,0,0,0,0,0
SGPGFGR3C5,2,0,0,0,0,0,0,2,0,0,0,0,2,0,0,0,0,0,0,0,0,2
SGPGFGR3C7,2,0,0,2,0,0,1,2,0,0,0,0,2,1,0,0,0,0,0,0,2,2
SALPGFGR3C8,0,0,0,2,0,0,0,0,0,0,0,0,2,1,0,0,0,0,0,0,2,2
SALPGFGR3C10,2,0,0,2,0,0,2,2,0,0,0,0,2,1,0,0,0,0,0,0,2,2
VCPGRWR1C5,2,0,0,0,0,0,1,2,0,0,0,0,0,0,0,0,0,0,0,0,0,0
VCPGRWR1C13,2,0,0,0,0,0,1,2,0,0,0,0,0,0,0,0,0,0,0,0,0,0
VCPGRWR1C14,2,0,0,0,0,0,1,0,0,0,0,0,1,1,0,0,0,0,0,0,0,0
VCPGRWR2C15,2,0,0,0,0,0,1,0,0,0,0,0,1,0,0,0,0,0,0,0,0,2
VCPGFTR1C7,2,0,0,0,0,0,0,2,0,0,0,0,0,0,0,0,0,0,0,0,0,0
VCPGFTR1C9,2,0,0,1,0,0,0,2,0,0,0,0,0,0,0,0,0,0,0,0,0,0
VCPGFTR1C10,2,0,0,0,0,0,1,2,0,0,0,0,0,0,0,0,0,0,0,0,0,0
VCPGFTR1C11,2,0,0,1,0,0,1,2,0,0,0,0,0,0,0,0,0,0,0,0,0,0
VCPGFTR1C12,2,0,0,1,0,0,0,2,0,0,0,0,0,0,0,0,0,0,0,0,0,0
EC_MAEWUR1C1,2,1,0,0,0,0,0,0,0,0,0,0,0,0,0,0,0,0,0,0,2,0
EC_MAEWUR1C6,0,0,0,0,0,0,0,0,0,0,0,0,0,0,0,0,0,0,0,0,0,0
EC_MAEWUR1C7,2,0,0,0,0,0,0,0,0,0,0,0,0,0,0,0,0,0,0,0,0,0
EC_MAEWUR1C9,2,0,0,0,0,0,0,0,0,0,0,0,0,0,0,0,0,0,0,0,0,0
EC_MAEWUR1C14,2,0,0,0,0,0,0,0,0,0,0,0,0,0,0,0,0,0,0,0,0,0
EC_MAEWUR1C16,0,0,0,0,0,0,0,0,0,0,0,0,0,0,0,0,0,0,0,0,0,0
EC_MAEWUR1C21,2,0,0,0,0,0,0,0,0,0,0,0,0,0,0,0,0,0,0,0,0,0
EC_MAEWUR1C27,0,0,0,0,0,0,0,0,0,0,0,0,2,0,0,0,0,0,0,0,0,2
EC_MAEWUR1C28,2,0,0,0,0,0,0,0,0,0,0,0,0,0,0,0,0,0,0,0,0,0
EC_MAEWUR1C29,2,0,0,0,0,0,0,0,0,0,0,0,2,1,0,0,0,0,0,0,0,1
EC_MAEWUR2C1,2,1,0,0,1,0,0,0,0,0,0,0,0,0,0,0,0,0,0,0,2,0
EC_MAEWUR2C2,0,0,0,0,0,0,0,0,0,0,0,0,0,0,0,0,0,0,0,0,0,0
EC_MAEWUR2C5,0,0,0,0,0,0,0,0,0,0,0,0,0,0,0,0,0,0,0,0,0,0
EC_MAEWUR2C6,0,0,0,0,0,0,0,0,0,0,0,0,0,0,0,0,0,0,0,0,0,0
EC_MAEWUR2C11,2,0,0,0,0,0,0,0,0,0,0,0,0,0,0,0,0,0,0,0,0,0
EC_MAEWUR2C16,0,0,0,0,0,0,0,0,0,0,0,0,0,0,0,0,0,0,0,0,0,0
EC_MAEWUR2C18,2,0,0,0,0,0,0,0,0,0,0,0,0,0,0,0,0,0,0,0,0,0
EC_MAEWUR2C20,0,0,0,0,0,0,0,0,0,0,0,0,0,0,0,0,0,0,0,0,0,2
EC_MAEWUR2C23,0,0,0,0,0,0,0,0,0,0,0,0,0,0,0,0,0,0,0,0,0,0
EC_MAEWUR2C26,0,0,0,0,0,0,0,0,0,0,0,0,0,0,0,0,0,0,0,0,0,0
EC_MAEWUR2C30,0,0,0,0,0,0,0,0,0,0,0,0,0,0,0,0,0,0,0,0,0,0
EC_MAEWUR3C1,2,0,0,0,1,0,0,0,0,0,0,0,0,0,0,0,0,0,0,0,2,0
EC_MAEWUR3C2,2,0,0,2,0,0,0,0,0,0,0,0,0,0,0,0,0,0,0,0,0,2
EC_MAEWUR3C3,2,0,0,0,0,0,0,0,0,0,0,0,2,0,0,0,0,0,0,0,0,2
EC_MAEWUR3C4,0,0,0,0,0,0,0,0,0,0,0,0,0,0,0,0,0,0,0,0,0,0
EC_MAEWUR3C6,0,0,0,0,0,0,0,0,0,0,0,0,0,0,0,0,0,0,0,0,0,0
EC_MAEWUR3C15,2,0,0,0,0,0,0,0,0,0,0,0,0,0,0,0,0,0,0,0,0,0
EC_MAEWUR3C20,2,0,0,0,0,0,0,0,0,0,0,0,0,0,0,0,0,0,0,0,0,0
EC_MAEWUR3C22,0,0,0,0,0,0,0,0,0,0,0,0,0,0,0,0,0,0,0,0,0,0
EC_MAEWUR3C24,2,0,0,0,0,0,0,0,0,0,0,0,0,0,0,0,0,0,0,0,0,0
EC_MAEWUR3C27,0,0,0,0,0,0,0,0,0,0,0,0,0,0,0,0,0,0,0,0,0,0
EC_MAEWUR3C28,0,0,0,0,0,0,0,0,0,0,0,0,0,0,0,0,0,0,0,0,0,0
EC_MAEWUR3C29,0,0,0,1,0,0,0,0,0,0,0,0,0,0,0,0,0,0,0,0,0,0
EC_MAEWUR3C31,0,0,0,0,0,0,0,0,0,0,0,0,0,0,0,0,0,0,0,0,0,0
EC_MAEWUR3C32,0,0,0,0,0,0,0,0,0,0,0,0,0,0,0,0,0,0,0,0,0,0
EC_MAEWUR3C33,0,0,0,0,0,0,0,0,0,0,0,0,1,0,0,0,0,0,0,0,0,2
VCMAEWUR2C16,2,2,0,0,,2,2,,,,,,1,0,,2,0,0,,,2,2
EC_MAEWTR2C5,0,0,0,0,0,0,0,0,0,0,0,0,0,0,0,0,0,0,0,0,0,0
EC_MAEWTR2C6,0,0,0,0,0,0,0,0,0,0,0,0,0,0,0,0,0,0,0,0,0,0
EC_MAEWTR3C9,0,0,0,0,0,0,0,0,0,0,0,0,1,0,0,0,0,0,0,0,0,2
EC_MAEWTR3C10,0,0,0,0,0,0,0,0,0,0,0,0,1,0,0,0,0,0,0,0,0,2
EC_MAEWTR3C11,0,0,0,0,0,0,0,0,0,0,0,0,0,0,0,0,0,0,0,0,0,2
