isolate_code,species,region,site,environment,sampling_source,esbl,AM,AMC,AMI,AMO,AMP,AN,C,CF,CFA,CFO,CFP,CFT,CFV,CFX,CFZ,CHL,CN,CPD,CPT,CTF,CTX,CZA,DO,DOX,ENR,FT,GEN,GM,IME,IPM,MAR,MRB,N,NAL,NEO,NIT,NLA,PRA,SXT,TE,TET
EC_OLDWR3C1,Escherichia Coli,Region VIII-Eastern Visayas,LOR-LARRAZABAL,Unknown,Unknown,NEG,S,S,,,,S,S,S,,S,,S,,,,,S,S,S,,S,S,S,,S,S,,S,,S,,S,S,,,,,S,S,S,
EC_OLDWR3C2,Escherichia Coli,Region VIII-Eastern Visayas,LOR-LARRAZABAL,Unknown,Unknown,NEG,S,S,,,,S,S,S,,S,,S,,,,,S,S,S,,S,S,S,,S,S,,S,,S,,S,S,,,,,S,S,S,
EC_OLDWR3C4,Escherichia Coli,Region VIII-Eastern Visayas,LOR-LARRAZABAL,Unknown,Unknown,NEG,S,S,,,,S,S,S,,S,,S,,,,,S,S,S,,S,S,S,,S,S,,S,,S,,S,S,,,,,S,S,S,
EC_OLDWR3C7,Escherichia Coli,Region VIII-Eastern Visayas,LOR-LARRAZABAL,Unknown,Unknown,NEG,S,S,,,,S,S,S,,S,,S,,,,,S,S,S,,S,S,S,,S,S,,S,,S,,S,S,,,,,S,S,S,
EC_OLDWR3C17,Escherichia Coli,Region VIII-Eastern Visayas,LOR-LARRAZABAL,Unknown,Unknown,NEG,S,S,,,,S,S,S,,S,,S,,,,,S,S,S,,S,S,S,,S,S,,S,,S,,S,S,,,,,S,S,S,
SALOLDWR2C2,Escherichia Coli,Region VIII-Eastern Visayas,LOR-LARRAZABAL,Unknown,Unknown,NEG,S,S,,,,S,S,S,,S,,S,,,,,S,S,S,,S,S,S,,S,S,,S,,S,,S,S,,,,,S,S,R,
SALOLDWR2C3,Escherichia Coli,Region VIII-Eastern Visayas,LOR-LARRAZABAL,Unknown,Unknown,NEG,S,S,,,,S,S,S,,S,,S,,,,,S,S,S,,S,S,S,,S,S,,S,,S,,S,S,,,,,S,S,R,
SALOLDWR3C1,Salmonella Group,Region VIII-Eastern Visayas,LOR-LARRAZABAL,Unknown,Unknown,,R,S,,,,R,S,S,,S,,S,,,,,R,S,S,,S,S,S,,S,S,,R,,S,,S,S,,,,,S,S,S,
SALOLDWR3C7,Salmonella Group,Region VIII-Eastern Visayas,LOR-LARRAZABAL,Unknown,Unknown,,S,S,,,,R,S,R,,S,,S,,,,,R,S,S,,S,S,S,,S,S,,R,,S,,S,S,,,,,S,S,S,
EC_OLRWR1C2,Escherichia Coli,Region VIII-Eastern Visayas,LOR-LARRAZABAL,Unknown,Unknown,NEG,S,S,,,,S,S,S,,S,,S,,,,,S,S,S,,S,S,S,,S,S,,S,,S,,S,S,,,,,S,S,S,
EC_OLRWR1C4,Klebsiella Pneumoniae Ssp Pneumoniae,Region VIII-Eastern Visayas,LOR-LARRAZABAL,Unknown,Unknown,NEG,R,S,,,,S,S,S,,S,,S,,,,,S,S,S,,S,S,R,,S,S,,S,,S,,S,S,,,,,S,S,R,
EC_OLRWR2C6,Escherichia Coli,Region VIII-Eastern Visayas,LOR-LARRAZABAL,Unknown,Unknown,NEG,S,S,,,,S,S,S,,S,,S,,,,,S,S,S,,S,S,S,,S,S,,S,,S,,S,S,,,,,S,S,S,
EC_OLRWR2C7,Klebsiella Pneumoniae Ssp Pneumoniae,Region VIII-Eastern Visayas,LOR-LARRAZABAL,Unknown,Unknown,NEG,R,S,,,,S,S,S,,S,,S,,,,,S,S,S,,S,S,S,,S,S,,S,,S,,S,S,,,,,S,S,S,
EC_OLRWR3C3,Escherichia Coli,Region VIII-Eastern Visayas,LOR-LARRAZABAL,Unknown,Unknown,NEG,S,S,,,,S,S,S,,S,,S,,,,,S,S,S,,S,S,S,,S,S,,S,,S,,S,S,,,,,S,S,S,
SALOLRWR1C2,Salmonella Group,Region VIII-Eastern Visayas,LOR-LARRAZABAL,Unknown,Unknown,,S,S,,,,R,S,R,,S,,S,,,,,R,S,S,,S,S,S,,S,S,,R,,S,,S,S,,,,,S,S,S,
SALOLRWR2C1,Escherichia Coli,Region VIII-Eastern Visayas,LOR-LARRAZABAL,Unknown,Unknown,NEG,S,S,,,,S,S,S,,S,,S,,,,,S,S,S,,S,S,S,,S,S,,S,,S,,S,S,,,,,S,S,R,
SALOLRWR2C2,Escherichia Coli,Region VIII-Eastern Visayas,LOR-LARRAZABAL,Unknown,Unknown,NEG,S,S,,,,S,S,S,,S,,S,,,,,S,S,S,,S,S,S,,S,S,,S,,S,,S,S,,,,,S,S,R,
EC_OLFBR1C1,Escherichia Coli,Region VIII-Eastern Visayas,LOR-LARRAZABAL,Unknown,Unknown,NEG,S,S,,,,S,S,S,,S,,S,,,,,S,S,S,,S,S,S,,S,S,,S,,S,,S,S,,,,,S,S,S,
EC_OLFBR1C2,Escherichia Coli,Region VIII-Eastern Visayas,LOR-LARRAZABAL,Unknown,Unknown,NEG,R,S,,,,S,R,S,,S,,S,,,,,S,S,S,,S,S,S,,S,S,,S,,S,,S,S,,,,,S,S,R,
EC_OLFBR1C4,Escherichia Coli,Region VIII-Eastern Visayas,LOR-LARRAZABAL,Unknown,Unknown,NEG,S,S,,,,S,S,S,,S,,S,,,,,S,S,S,,S,S,S,,S,S,,S,,S,,S,S,,,,,S,S,S,
EC_OLFBR1C6,Escherichia Coli,Region VIII-Eastern Visayas,LOR-LARRAZABAL,Unknown,Unknown,NEG,R,S,,,,S,S,S,,S,,S,,,,,S,S,S,,S,S,S,,S,S,,S,,S,,S,S,,,,,S,S,S,
EC_OLFBR1C9,Escherichia Coli,Region VIII-Eastern Visayas,LOR-LARRAZABAL,Unknown,Unknown,NEG,R,S,,,,S,R,I,,S,,S,,,,,S,S,S,,S,S,R,,I,S,,S,,S,,S,S,,,,,I,S,R,
EC_OLFBR1C12,Escherichia Coli,Region VIII-Eastern Visayas,LOR-LARRAZABAL,Unknown,Unknown,NEG,R,S,,,,S,R,I,,S,,S,,,,,S,S,S,,S,S,R,,I,S,,S,,S,,S,S,,,,,S,S,R,
EC_OLFBR1C14,Klebsiella Pneumoniae Ssp Pneumoniae,Region VIII-Eastern Visayas,LOR-LARRAZABAL,Unknown,Unknown,,,,,,,,,,,,,,,,,,,,,,,,,,,,,,,,,,,,,,,,,,
EC_OLFBR1C15,Escherichia Coli,Region VIII-Eastern Visayas,LOR-LARRAZABAL,Unknown,Unknown,NEG,S,S,,,,S,S,S,,S,,S,,,,,S,S,S,,S,S,S,,S,S,,S,,S,,S,S,,,,,S,S,S,
EC_OLFBR2C6,Escherichia Coli,Region VIII-Eastern Visayas,LOR-LARRAZABAL,Unknown,Unknown,NEG,S,S,,,,S,S,S,,S,,S,,,,,S,S,S,,S,S,S,,S,S,,S,,S,,S,S,,,,,S,S,S,
EC_OLFBR2C9,Escherichia Coli,Region VIII-Eastern Visayas,LOR-LARRAZABAL,Unknown,Unknown,NEG,S,S,,,,S,S,S,,S,,S,,,,,S,S,S,,S,S,S,,S,S,,S,,S,,S,S,,,,,S,S,S,
EC_OLFBR2C12,Escherichia Coli,Region VIII-Eastern Visayas,LOR-LARRAZABAL,Unknown,Unknown,NEG,S,S,,,,S,S,S,,S,,S,,,,,S,S,S,,S,S,S,,S,S,,S,,S,,S,S,,,,,S,S,S,
EC_OLFBR2C15,Escherichia Coli,Region VIII-Eastern Visayas,LOR-LARRAZABAL,Unknown,Unknown,NEG,S,S,,,,S,S,S,,S,,S,,,,,S,S,S,,S,S,S,,S,S,,S,,S,,S,S,,,,,S,S,S,
EC_OLFBR3C6,Klebsiella Pneumoniae Ssp Pneumoniae,Region VIII-Eastern Visayas,LOR-LARRAZABAL,Unknown,Unknown,NEG,R,S,,,,S,S,S,,S,,S,,,,,S,S,S,,S,S,S,,S,I,,S,,S,,S,S,,,,,S,S,S,
EC_OLFBR3C9,Escherichia Coli,Region VIII-Eastern Visayas,LOR-LARRAZABAL,Unknown,Unknown,NEG,S,S,,,,S,S,S,,S,,S,,,,,S,S,S,,S,S,S,,S,S,,S,,S,,S,S,,,,,S,S,S,
EC_OLFBR3C10,Escherichia Coli,Region VIII-Eastern Visayas,LOR-LARRAZABAL,Unknown,Unknown,NEG,R,S,,,,S,S,S,,S,,S,,,,,S,S,S,,S,S,R,,I,I,,S,,S,,S,S,,,,,S,R,R,
EC_OLFBR3C11,Escherichia Coli,Region VIII-Eastern Visayas,LOR-LARRAZABAL,Unknown,Unknown,NEG,S,S,,,,S,S,S,,S,,S,,,,,S,S,S,,S,S,S,,S,S,,S,,S,,S,S,,,,,S,S,S,
EC_OLFBR3C13,Klebsiella Pneumoniae Ssp Pneumoniae,Region VIII-Eastern Visayas,LOR-LARRAZABAL,Unknown,Unknown,NEG,R,S,,,,S,S,S,,S,,S,,,,,S,S,S,,S,S,S,,S,S,,S,,S,,S,S,,,,,S,S,S,
EC_OLFBR3C14,Escherichia Coli,Region VIII-Eastern Visayas,LOR-LARRAZABAL,Unknown,Unknown,NEG,S,S,,,,S,S,S,,,,,,,,,,S,,,,S,,,,S,,S,,S,,S,S,,,,,S,S,S,
EC_OLFBR3C15,Escherichia Coli,Region VIII-Eastern Visayas,LOR-LARRAZABAL,Unknown,Unknown,NEG,S,S,,,,S,S,S,,S,,,,,,,,S,,,S,S,,,,S,,S,,S,,S,S,,,,,S,S,S,
SALOLFBR2C1,Pseudomonas Aeruginosa,Region VIII-Eastern Visayas,LOR-LARRAZABAL,Unknown,Unknown,,,,,,,S,,,,R,,R,,,,,,,,,R,,,,S,,,S,,S,,S,,,,,,,,,
SALOLFBR3C5,Salmonella Group,Region VIII-Eastern Visayas,LOR-LARRAZABAL,Unknown,Unknown,,S,S,,,,R,S,R,,S,,S,,,,,R,S,S,,S,S,I,,S,S,,R,,S,,S,S,,,,,S,S,S,
SGOLFBR2C1,Escherichia Coli,Region VIII-Eastern Visayas,LOR-LARRAZABAL,Unknown,Unknown,NEG,R,S,,,,S,S,S,,S,,S,,,,,S,S,S,,S,S,R,,S,S,,S,,S,,S,S,,,,,S,R,R,
SGOLFBR2C2,Escherichia Coli,Region VIII-Eastern Visayas,LOR-LARRAZABAL,Unknown,Unknown,NEG,S,S,,,,S,S,S,,S,,S,,,,,S,S,S,,S,S,R,,S,I,,S,,S,,S,S,,,,,S,S,R,
SGOLFBR2C5,Escherichia Coli,Region VIII-Eastern Visayas,LOR-LARRAZABAL,Unknown,Unknown,NEG,R,S,,,,S,S,S,,S,,S,,,,,R,S,S,,S,S,R,,S,I,,S,,S,,S,S,,,,,S,S,R,
VCOLFBR2C1,Enterobacter Cloacae Complex,Region VIII-Eastern Visayas,LOR-LARRAZABAL,Unknown,Unknown,NEG,,R,,,,S,I,R,,I,,S,,,,,R,S,,,,S,S,,S,S,,S,,S,,S,S,,,,,S,S,S,
EC_OLFGR1C1,Escherichia Coli,Region VIII-Eastern Visayas,LOR-LARRAZABAL,Unknown,Unknown,NEG,S,S,,,,S,I,S,,S,,S,,,,,S,S,S,,S,S,S,,S,S,,S,,S,,S,S,,,,,S,S,S,
EC_OLFGR1C2,Escherichia Coli,Region VIII-Eastern Visayas,LOR-LARRAZABAL,Unknown,Unknown,NEG,R,S,,,,S,S,S,,S,,S,,,,,S,S,S,,S,S,I,,S,S,,S,,S,,S,S,,,,,S,S,R,
EC_OLFGR1C8,Klebsiella Pneumoniae Ssp Pneumoniae,Region VIII-Eastern Visayas,LOR-LARRAZABAL,Unknown,Unknown,NEG,R,S,,,,S,S,S,,S,,,,,,,S,S,S,,S,S,,,S,S,,S,,S,,S,S,,,,,S,S,S,
EC_OLFGR1C10,Klebsiella Pneumoniae Ssp Pneumoniae,Region VIII-Eastern Visayas,LOR-LARRAZABAL,Unknown,Unknown,NEG,R,S,,,,S,S,S,,,,,,,,,,S,S,,,S,,,,S,,S,,S,,S,S,,,,,S,S,S,
EC_OLFGR1C14,Escherichia Coli,Region VIII-Eastern Visayas,LOR-LARRAZABAL,Unknown,Unknown,NEG,S,S,,,,S,S,S,,,,,,,,,,S,,,S,S,,,,S,,S,,S,,S,S,,,,,S,S,S,
EC_OLFGR2C1,Klebsiella Pneumoniae Ssp Pneumoniae,Region VIII-Eastern Visayas,LOR-LARRAZABAL,Unknown,Unknown,POS,R,S,,,,S,S,R,,R,,R,,,,,R,R,R,,,S,,,,S,,S,,S,,S,S,,,,,S,R,S,
EC_OLFGR2C4,Klebsiella Pneumoniae Ssp Pneumoniae,Region VIII-Eastern Visayas,LOR-LARRAZABAL,Unknown,Unknown,,,,,,,,,,,,,,,,,,,,,,,,,,,,,,,,,,,,,,,,,,
EC_OLFGR2C9,Escherichia Coli,Region VIII-Eastern Visayas,LOR-LARRAZABAL,Unknown,Unknown,,,,,,,,,,,,,,,,,,,,,,,,,,,,,,,,,,,,,,,,,,
EC_OLFGR2C11,Escherichia Coli,Region VIII-Eastern Visayas,LOR-LARRAZABAL,Unknown,Unknown,,,,,,,,,,,,,,,,,,,,,,,,,,,,,,,,,,,,,,,,,,
EC_OLFGR2C13,Klebsiella Pneumoniae Ssp Pneumoniae,Region VIII-Eastern Visayas,LOR-LARRAZABAL,Unknown,Unknown,,,,,,,,,,,,,,,,,,,,,,,,,,,,,,,,,,,,,,,,,,
EC_OLFGR2C15,Escherichia Coli,Region VIII-Eastern Visayas,LOR-LARRAZABAL,Unknown,Unknown,,,,,,,,,,,,,,,,,,,,,,,,,,,,,,,,,,,,,,,,,,
EC_OLFGR3C1,Escherichia Coli,Region VIII-Eastern Visayas,LOR-LARRAZABAL,Unknown,Unknown,NEG,R,S,,,,S,S,S,,S,,I,,,,,R,S,S,,S,S,S,,I,S,,S,,S,,S,S,,,,,S,S,S,
EC_OLFGR3C6,Escherichia Coli,Region VIII-Eastern Visayas,LOR-LARRAZABAL,Unknown,Unknown,,,,,,,,,,,,,,,,,,,,,,,,,,,,,,,,,,,,,,,,,,
EC_OLFGR3C7,Escherichia Coli,Region VIII-Eastern Visayas,LOR-LARRAZABAL,Unknown,Unknown,,,,,,,,,,,,,,,,,,,,,,,,,,,,,,,,,,,,,,,,,,
EC_OLFGR3C8,Klebsiella Pneumoniae Ssp Pneumoniae,Region VIII-Eastern Visayas,LOR-LARRAZABAL,Unknown,Unknown,NEG,R,S,,,,S,S,S,,S,,R,,,,,R,S,S,,S,S,S,,I,S,,S,,S,,S,S,,,,,S,S,S,
57,,Region VIII-Eastern Visayas,LOR-LARRAZABAL,Unknown,Unknown,,,,,,,,,,,,,,,,,,,,,,,,,,,,,,,,,,,,,,,,,,
EC_OADWR1C3,Enterobacter Cloacae Complex,Region VIII-Eastern Visayas,LOR-ALEGRIA,Unknown,Unknown,,,R,,,,S,S,R,,S,,S,,,,,R,S,,,S,S,S,,I,S,,S,,I,,S,S,,,,,I,S,S,
EC_OADWR1C4,Enterobacter Cloacae Complex,Region VIII-Eastern Visayas,LOR-ALEGRIA,Unknown,Unknown,,,R,,,,S,S,R,,S,,S,,,,,R,S,,,S,S,S,,I,S,,S,,I,,S,S,,,,,I,S,S,
EC_OADWR1C5,Klebsiella Pneumoniae Ssp Pneumoniae,Region VIII-Eastern Visayas,LOR-ALEGRIA,Unknown,Unknown,NEG,R,S,,,,S,S,S,,S,,S,,,,,S,S,S,,S,S,S,,S,S,,S,,S,,S,S,,,,,S,S,S,
EC_OADWR1C6,Klebsiella Pneumoniae Ssp Pneumoniae,Region VIII-Eastern Visayas,LOR-ALEGRIA,Unknown,Unknown,NEG,R,S,,,,S,S,S,,S,,S,,,,,S,S,S,,S,S,S,,S,I,,S,,S,,S,S,,,,,S,S,S,
EC_OADWR1C9,Klebsiella Pneumoniae Ssp Pneumoniae,Region VIII-Eastern Visayas,LOR-ALEGRIA,Unknown,Unknown,NEG,R,S,,,,S,S,S,,S,,S,,,,,S,S,S,,S,S,S,,S,S,,S,,S,,S,S,,,,,S,S,S,
VCOADWR3C17,Vibrio Fluvialis,Region VIII-Eastern Visayas,LOR-ALEGRIA,Unknown,Unknown,NEG,R,I,,,,S,S,,,S,,R,,,,,,,,,,,S,,S,,,S,,S,,S,,,,,,,S,S,
VCOADWR3C31,Vibrio Fluvialis,Region VIII-Eastern Visayas,LOR-ALEGRIA,Unknown,Unknown,NEG,I,S,,,,S,S,,,S,,S,,,,,,,,,,,S,,S,,,S,,S,,S,,,,,,,S,S,
EC_OARWR1C3,Escherichia Coli,Region VIII-Eastern Visayas,LOR-ALEGRIA,Unknown,Unknown,NEG,S,S,,,,S,S,S,,S,,S,,,,,S,S,S,,S,S,S,,S,S,,S,,S,,S,S,,,,,S,S,S,
EC_OARWR1C7,Klebsiella Pneumoniae Ssp Pneumoniae,Region VIII-Eastern Visayas,LOR-ALEGRIA,Unknown,Unknown,NEG,R,S,,,,S,S,S,,S,,S,,,,,S,S,S,,S,S,S,,S,S,,S,,S,,S,S,,,,,S,S,S,
EC_OARWR1C8,Klebsiella Pneumoniae Ssp Pneumoniae,Region VIII-Eastern Visayas,LOR-ALEGRIA,Unknown,Unknown,NEG,R,S,,,,S,S,S,,S,,S,,,,,S,S,S,,S,S,S,,S,I,,S,,S,,S,S,,,,,S,S,S,
EC_OARWR1C9,Escherichia Coli,Region VIII-Eastern Visayas,LOR-ALEGRIA,Unknown,Unknown,NEG,S,S,,,,S,S,S,,S,,S,,,,,S,S,S,,S,S,S,,S,S,,S,,S,,S,S,,,,,S,S,S,
EC_OARWR1C10,Enterobacter Cloacae Complex,Region VIII-Eastern Visayas,LOR-ALEGRIA,Unknown,Unknown,,,R,,,,S,S,R,,S,,S,,,,,R,S,,,S,S,S,,S,S,,S,,S,,S,S,,,,,S,S,S,
EC_OARWR2C3,Enterobacter Cloacae Complex,Region VIII-Eastern Visayas,LOR-ALEGRIA,Unknown,Unknown,,,R,,,,S,S,R,,S,,S,,,,,R,S,,,S,S,S,,S,S,,S,,S,,S,S,,,,,S,S,S,
EC_OARWR2C5,Klebsiella Pneumoniae Ssp Pneumoniae,Region VIII-Eastern Visayas,LOR-ALEGRIA,Unknown,Unknown,NEG,R,S,,,,S,S,S,,S,,S,,,,,S,S,S,,S,S,S,,S,S,,S,,S,,S,S,,,,,S,S,S,
EC_OARWR3C1,Klebsiella Pneumoniae Ssp Pneumoniae,Region VIII-Eastern Visayas,LOR-ALEGRIA,Unknown,Unknown,NEG,R,S,,,,S,S,S,,S,,S,,,,,S,S,S,,S,S,S,,S,I,,S,,S,,S,S,,,,,S,S,S,
EC_OARWR3C9,Escherichia Coli,Region VIII-Eastern Visayas,LOR-ALEGRIA,Unknown,Unknown,NEG,S,S,,,,S,S,S,,S,,S,,,,,S,S,S,,S,S,S,,S,S,,S,,S,,S,S,,,,,S,S,S,
EC_OARWR3C10,Escherichia Coli,Region VIII-Eastern Visayas,LOR-ALEGRIA,Unknown,Unknown,NEG,S,S,,,,S,S,S,,S,,S,,,,,S,S,S,,S,S,R,,S,S,,S,,S,,S,S,,,,,S,S,R,
SALOAEWR2C2,Pseudomonas Aeruginosa,Region VIII-Eastern Visayas,LOR-ALEGRIA,Unknown,Unknown,,,,,,,S,,,,R,,R,,,,,,,,,R,,,,I,,,S,,S,,S,,,,,,,,,
SALOARWR1C7,Pseudomonas Aeruginosa,Region VIII-Eastern Visayas,LOR-ALEGRIA,Unknown,Unknown,,,,,,,S,,,,R,,R,,,,,,,,,R,,,,I,,,S,,S,,S,,,,,,,,,
VCOARWR3C14,Vibrio Fluvialis,Region VIII-Eastern Visayas,LOR-ALEGRIA,Unknown,Unknown,NEG,I,S,,,,S,S,,,S,,S,,,,,,,,,,,S,,S,,,S,,S,,S,,,,,,,S,S,
VCOARWR3C20,Enterobacter Cloacae Complex,Region VIII-Eastern Visayas,LOR-ALEGRIA,Unknown,Unknown,,,,,,,,,,,,,,,,,,,,,,,,,,,,,,,,,,,,,,,,,,
EC_OAFBR1C11,Klebsiella Pneumoniae Ssp Pneumoniae,Region VIII-Eastern Visayas,LOR-ALEGRIA,Unknown,Unknown,NEG,R,S,,,,S,S,S,,S,,S,,,,,S,S,S,,S,S,S,,S,I,,S,,S,,S,S,,,,,S,S,S,
EC_OAFBR1C18,Klebsiella Pneumoniae Ssp Pneumoniae,Region VIII-Eastern Visayas,LOR-ALEGRIA,Unknown,Unknown,NEG,R,S,,,,S,S,S,,S,,S,,,,,S,S,S,,S,S,S,,S,S,,S,,S,,S,S,,,,,S,S,S,
EC_OAFBR2C5,Klebsiella Pneumoniae Ssp Pneumoniae,Region VIII-Eastern Visayas,LOR-ALEGRIA,Unknown,Unknown,NEG,R,S,,,,S,S,S,,S,,S,,,,,S,S,S,,S,S,S,,S,S,,S,,S,,S,S,,,,,S,S,S,
EC_OAFBR2C8,Klebsiella Pneumoniae Ssp Pneumoniae,Region VIII-Eastern Visayas,LOR-ALEGRIA,Unknown,Unknown,NEG,R,S,,,,S,S,S,,S,,S,,,,,S,S,S,,S,S,S,,S,S,,S,,S,,S,S,,,,,S,S,S,
EC_OAFBR2C14,Escherichia Coli,Region VIII-Eastern Visayas,LOR-ALEGRIA,Unknown,Unknown,NEG,R,S,,,,S,R,S,,S,,S,,,,,S,S,S,,S,S,R,,S,S,,S,,S,,S,S,,,,,S,S,R,
EC_OAFBR2C15,Klebsiella Pneumoniae Ssp Pneumoniae,Region VIII-Eastern Visayas,LOR-ALEGRIA,Unknown,Unknown,NEG,R,S,,,,S,S,S,,S,,S,,,,,S,S,S,,S,S,S,,S,I,,S,,S,,S,S,,,,,S,S,S,
EC_OAFBR3C1,Escherichia Coli,Region VIII-Eastern Visayas,LOR-ALEGRIA,Unknown,Unknown,NEG,S,S,,,,S,S,S,,S,,S,,,,,S,S,S,,S,S,R,,S,S,,S,,S,,S,S,,,,,S,S,R,
EC_OAFBR3C2,Klebsiella Pneumoniae Ssp Pneumoniae,Region VIII-Eastern Visayas,LOR-ALEGRIA,Unknown,Unknown,NEG,R,S,,,,S,S,S,,S,,S,,,,,S,S,S,,S,S,S,,S,I,,S,,S,,S,S,,,,,S,S,S,
EC_OAFBR3C3,Enterobacter Aerogenes,Region VIII-Eastern Visayas,LOR-ALEGRIA,Unknown,Unknown,,,,,,,,,,,,,,,,,,,,,,,,,,,,,,,,,,,,,,,,,,
EC_OAFBR3C4,Escherichia Coli,Region VIII-Eastern Visayas,LOR-ALEGRIA,Unknown,Unknown,NEG,S,S,,,,S,S,S,,S,,S,,,,,S,S,S,,S,S,S,,S,S,,S,,S,,S,S,,,,,S,S,S,
EC_OAFBR3C6,Escherichia Coli,Region VIII-Eastern Visayas,LOR-ALEGRIA,Unknown,Unknown,NEG,R,S,,,,S,S,S,,S,,S,,,,,R,S,S,,S,S,I,,S,S,,S,,S,,S,S,,,,,S,S,R,
EC_OAFBR3C7,Escherichia Coli,Region VIII-Eastern Visayas,LOR-ALEGRIA,Unknown,Unknown,NEG,S,S,,,,S,S,S,,S,,S,,,,,S,S,S,,S,S,S,,S,S,,S,,S,,S,S,,,,,S,S,S,
EC_OAFBR3C8,Escherichia Coli,Region VIII-Eastern Visayas,LOR-ALEGRIA,Unknown,Unknown,NEG,S,S,,,,S,S,S,,S,,S,,,,,S,S,S,,S,S,S,,S,S,,S,,S,,S,S,,,,,S,S,S,
EC_OAFBR3C16,Klebsiella Pneumoniae Ssp Pneumoniae,Region VIII-Eastern Visayas,LOR-ALEGRIA,Unknown,Unknown,NEG,R,S,,,,S,S,S,,S,,S,,,,,S,S,S,,S,S,S,,S,I,,S,,S,,S,S,,,,,S,S,S,
EC_OAFBR3C18,Klebsiella Pneumoniae Ssp Pneumoniae,Region VIII-Eastern Visayas,LOR-ALEGRIA,Unknown,Unknown,NEG,R,S,,,,S,S,S,,S,,S,,,,,S,S,S,,S,S,S,,S,S,,S,,S,,S,S,,,,,S,S,S,
EC_OAFBR3C20,Klebsiella Pneumoniae Ssp Pneumoniae,Region VIII-Eastern Visayas,LOR-ALEGRIA,Unknown,Unknown,,,,,,,,,,,,,,,,,,,,,,,,,,,,,,,,,,,,,,,,,,
EC_OAFGR1C1,Escherichia Coli,Region VIII-Eastern Visayas,LOR-ALEGRIA,Unknown,Unknown,NEG,S,S,,,,S,S,S,,S,,S,,,,,S,S,S,,S,S,S,,S,S,,S,,S,,S,S,,,,,S,S,S,
EC_OAFGR1C2,Escherichia Coli,Region VIII-Eastern Visayas,LOR-ALEGRIA,Unknown,Unknown,NEG,S,S,,,,S,I,S,,S,,S,,,,,S,S,S,,S,S,S,,S,S,,S,,S,,S,S,,,,,S,S,S,
EC_OAFGR1C5,Escherichia Coli,Region VIII-Eastern Visayas,LOR-ALEGRIA,Unknown,Unknown,,,,,,,,,,,,,,,,,,,,,,,,,,,,,,,,,,,,,,,,,,
EC_OAFGR1C6,Escherichia Coli,Region VIII-Eastern Visayas,LOR-ALEGRIA,Unknown,Unknown,NEG,S,S,,,,S,S,S,,S,,S,,,,,S,S,S,,S,S,R,,S,S,,S,,S,,S,S,,,,,S,S,R,
EC_OAFGR1C8,Escherichia Coli,Region VIII-Eastern Visayas,LOR-ALEGRIA,Unknown,Unknown,NEG,S,S,,,,S,S,S,,S,,S,,,,,S,S,S,,S,S,S,,S,S,,S,,S,,S,S,,,,,S,S,S,
EC_OAFGR1C10,Escherichia Coli,Region VIII-Eastern Visayas,LOR-ALEGRIA,Unknown,Unknown,NEG,S,S,,,,S,I,S,,S,,S,,,,,S,S,S,,S,S,S,,S,S,,S,,S,,S,S,,,,,S,S,S,
EC_OAFGR1C11,Escherichia Coli,Region VIII-Eastern Visayas,LOR-ALEGRIA,Unknown,Unknown,NEG,S,S,,,,S,I,I,,S,,S,,,,,S,S,S,,S,S,S,,S,S,,S,,S,,S,S,,,,,S,S,S,
EC_OAFGR1C14,Escherichia Coli,Region VIII-Eastern Visayas,LOR-ALEGRIA,Unknown,Unknown,NEG,S,S,,,,S,S,S,,S,,S,,,,,S,S,S,,S,S,S,,S,S,,S,,S,,S,S,,,,,S,S,S,
EC_OAFGR1C16,Klebsiella Pneumoniae Ssp Ozaenae,Region VIII-Eastern Visayas,LOR-ALEGRIA,Unknown,Unknown,NEG,R,S,,,,S,S,S,,S,,S,,,,,S,S,S,,S,S,S,,S,S,,S,,S,,S,S,,,,,S,S,S,
EC_OAFGR2C2,Escherichia Coli,Region VIII-Eastern Visayas,LOR-ALEGRIA,Unknown,Unknown,NEG,S,S,,,,S,S,S,,S,,S,,,,,S,S,S,,S,S,S,,S,S,,S,,S,,S,S,,,,,S,S,S,
EC_OAFGR2C4,Escherichia Coli,Region VIII-Eastern Visayas,LOR-ALEGRIA,Unknown,Unknown,NEG,S,S,,,,S,S,S,,S,,S,,,,,S,S,S,,S,S,S,,S,S,,S,,S,,S,S,,,,,S,S,S,
EC_OAFGR2C5,Escherichia Coli,Region VIII-Eastern Visayas,LOR-ALEGRIA,Unknown,Unknown,NEG,S,S,,,,S,S,S,,S,,S,,,,,S,S,S,,S,S,R,,S,S,,S,,S,,S,S,,,,,S,S,S,
EC_OAFGR2C6,Escherichia Coli,Region VIII-Eastern Visayas,LOR-ALEGRIA,Unknown,Unknown,NEG,S,S,,,,S,S,S,,S,,S,,,,,S,S,S,,S,S,S,,S,S,,S,,S,,S,S,,,,,S,S,S,
EC_OAFGR2C7,Escherichia Coli,Region VIII-Eastern Visayas,LOR-ALEGRIA,Unknown,Unknown,NEG,S,S,,,,S,S,S,,S,,S,,,,,S,S,S,,S,S,S,,S,S,,S,,S,,S,S,,,,,S,S,S,
EC_OAFGR3C1,Escherichia Coli,Region VIII-Eastern Visayas,LOR-ALEGRIA,Unknown,Unknown,NEG,S,S,,,,S,S,S,,S,,S,,,,,S,S,S,,S,S,S,,S,S,,S,,S,,S,S,,,,,S,S,S,
EC_OAFGR3C2,Escherichia Coli,Region VIII-Eastern Visayas,LOR-ALEGRIA,Unknown,Unknown,NEG,R,S,,,,S,I,S,,S,,S,,,,,S,S,S,,S,S,R,,I,R,,S,,S,,S,,,,,,S,S,R,
EC_OAFGR3C3,Escherichia Coli,Region VIII-Eastern Visayas,LOR-ALEGRIA,Unknown,Unknown,NEG,S,S,,,,S,S,S,,S,,S,,,,,S,S,S,,S,S,R,,S,S,,S,,S,,S,S,,,,,S,S,R,
EC_OAFGR3C4,Escherichia Coli,Region VIII-Eastern Visayas,LOR-ALEGRIA,Unknown,Unknown,NEG,S,S,,,,S,S,S,,S,,S,,,,,S,S,S,,S,S,R,,S,S,,S,,S,,S,S,,,,,S,S,R,
EC_OAFGR3C6,Escherichia Coli,Region VIII-Eastern Visayas,LOR-ALEGRIA,Unknown,Unknown,NEG,S,S,,,,S,S,S,,S,,S,,,,,S,S,S,,S,S,S,,S,S,,S,,S,,S,S,,,,,S,S,S,
EC_OAFGR3C7,Escherichia Coli,Region VIII-Eastern Visayas,LOR-ALEGRIA,Unknown,Unknown,NEG,S,S,,,,S,I,I,,S,,S,,,,,S,S,S,,S,S,S,,S,S,,S,,S,,S,S,,,,,S,S,S,
EC_OAFGR3C8,Escherichia Coli,Region VIII-Eastern Visayas,LOR-ALEGRIA,Unknown,Unknown,NEG,S,S,,,,S,S,S,,S,,S,,,,,S,S,S,,S,S,S,,S,S,,S,,S,,S,S,,,,,S,S,S,
EC_OAFGR3C9,Escherichia Coli,Region VIII-Eastern Visayas,LOR-ALEGRIA,Unknown,Unknown,NEG,S,S,,,,S,S,S,,S,,S,,,,,S,S,S,,S,S,S,,S,S,,S,,S,,S,S,,,,,S,S,S,
EC_OAFGR3C13,Klebsiella Pneumoniae Ssp Pneumoniae,Region VIII-Eastern Visayas,LOR-ALEGRIA,Unknown,Unknown,NEG,R,S,,,,S,S,S,,S,,S,,,,,S,S,S,,S,S,S,,S,S,,S,,S,,S,S,,,,,S,S,S,
EC_OAFGR3C14,Escherichia Coli,Region VIII-Eastern Visayas,LOR-ALEGRIA,Unknown,Unknown,NEG,S,S,,,,S,S,S,,S,,S,,,,,S,S,S,,S,S,R,,S,S,,S,,S,,S,S,,,,,S,S,R,
EC_OAFGR3C15,Klebsiella Pneumoniae Ssp Pneumoniae,Region VIII-Eastern Visayas,LOR-ALEGRIA,Unknown,Unknown,NEG,R,S,,,,S,S,S,,S,,S,,,,,S,S,S,,S,S,S,,S,S,,S,,S,,S,S,,,,,S,S,S,
EC_OAFGR3C16,Klebsiella Pneumoniae Ssp Pneumoniae,Region VIII-Eastern Visayas,LOR-ALEGRIA,Unknown,Unknown,NEG,R,S,,,,S,S,S,,S,,S,,,,,S,S,S,,S,S,S,,S,I,,S,,S,,S,S,,,,,S,S,S,
EC_MRDWR1C1,Klebsiella Pneumoniae Ssp Pneumoniae,BARMM Region,LOR-GADONGAN,Unknown,Unknown,NEG,R,S,,,,S,R,S,,S,,S,,,,,S,S,S,,S,S,R,,S,I,,I,,S,,S,S,,,,,S,R,R,
EC_MRDWR1C2,Klebsiella Pneumoniae Ssp Pneumoniae,BARMM Region,LOR-GADONGAN,Unknown,Unknown,NEG,R,S,,,,S,S,S,,S,,S,,,,,S,S,S,,S,S,R,,S,S,,S,,S,,S,S,,,,,S,S,R,
EC_MRDWR3C14,Klebsiella Pneumoniae Ssp Pneumoniae,BARMM Region,LOR-GADONGAN,Unknown,Unknown,NEG,R,S,,,,S,S,S,,S,,S,,,,,S,S,S,,S,S,S,,S,I,,S,,S,,S,S,,,,,S,S,S,
SAL_MRDWR2C3,Pseudomonas Aeruginosa,BARMM Region,LOR-GADONGAN,Unknown,Unknown,,,,,,,S,,,,R,,R,,,,,,,,,R,,,,S,,,S,,S,,S,,,,,,,,,
VC_MRDWR1C1,Klebsiella Pneumoniae Ssp Pneumoniae,BARMM Region,LOR-GADONGAN,Unknown,Unknown,NEG,R,S,,,,S,S,S,,S,,S,,,,,S,S,S,,S,S,S,,S,S,,S,,S,,S,S,,,,,S,S,S,
VC_MRDWR2C2,Enterobacter Cloacae Complex,BARMM Region,LOR-GADONGAN,Unknown,Unknown,,,R,,,,S,S,R,,S,,S,,,,,R,S,,,S,S,S,,S,I,,S,,S,,S,,,,,,S,S,S,
VC_MRDWR3C1,Acitenobacter Baumanii,BARMM Region,LOR-GADONGAN,Unknown,Unknown,,,,,,,,,,,R,,R,,,,,,,,,,,S,,S,,,S,,S,,S,,,,,,,S,S,
EC_MRLWR1C3,Escherichia Coli,BARMM Region,LOR-GADONGAN,Unknown,Unknown,NEG,S,S,,,,S,S,S,,S,,S,,,,,S,S,S,,S,S,R,,S,S,,S,,S,,S,S,,,,,S,S,R,
EC_MRLWR1C4,Escherichia Coli,BARMM Region,LOR-GADONGAN,Unknown,Unknown,NEG,S,S,,,,S,S,S,,S,,S,,,,,S,S,S,,S,S,S,,S,S,,S,,S,,S,S,,,,,S,S,S,
EC_MRLWR1C6,Klebsiella Pneumoniae Ssp Pneumoniae,BARMM Region,LOR-GADONGAN,Unknown,Unknown,NEG,R,S,,,,S,S,S,,S,,S,,,,,S,S,S,,S,S,S,,S,S,,S,,S,,S,S,,,,,S,S,S,
EC_MRLWR1C9,Klebsiella Pneumoniae Ssp Pneumoniae,BARMM Region,LOR-GADONGAN,Unknown,Unknown,NEG,R,S,,,,S,S,S,,S,,S,,,,,S,S,S,,S,S,S,,S,S,,S,,S,,S,S,,,,,S,S,S,
EC_MRLWR1C10,Escherichia Coli,BARMM Region,LOR-GADONGAN,Unknown,Unknown,NEG,S,S,,,,S,I,I,,S,,S,,,,,S,S,S,,S,S,S,,S,S,,S,,S,,S,S,,,,,S,S,S,
EC_MRLWR1C11,Klebsiella Pneumoniae Ssp Pneumoniae,BARMM Region,LOR-GADONGAN,Unknown,Unknown,NEG,R,S,,,,S,S,S,,S,,S,,,,,S,S,S,,S,S,S,,S,S,,S,,S,,S,S,,,,,S,S,S,
EC_MRLWR1C13,Klebsiella Pneumoniae Ssp Pneumoniae,BARMM Region,LOR-GADONGAN,Unknown,Unknown,NEG,R,S,,,,S,S,S,,S,,S,,,,,S,S,S,,S,S,S,,S,S,,S,,S,,S,S,,,,,S,S,S,
EC_MRLWR1C16,Klebsiella Pneumoniae Ssp Pneumoniae,BARMM Region,LOR-GADONGAN,Unknown,Unknown,NEG,R,S,,,,S,S,S,,S,,S,,,,,S,S,S,,S,S,S,,S,S,,S,,S,,S,S,,,,,S,S,S,
EC_MRLWR1C20,Klebsiella Pneumoniae Ssp Pneumoniae,BARMM Region,LOR-GADONGAN,Unknown,Unknown,NEG,R,S,,,,S,S,S,,S,,S,,,,,S,S,S,,S,S,S,,S,S,,S,,S,,S,S,,,,,S,S,S,
EC_MRLWR2C1,Escherichia Coli,BARMM Region,LOR-GADONGAN,Unknown,Unknown,NEG,S,S,,,,S,S,S,,S,,S,,,,,S,S,S,,S,S,S,,S,S,,S,,S,,S,S,,,,,S,S,S,
EC_MRLWR2C3,Escherichia Coli,BARMM Region,LOR-GADONGAN,Unknown,Unknown,NEG,R,I,,,,S,S,I,,S,,S,,,,,S,S,S,,S,S,S,,S,S,,S,,S,,S,S,,,,,S,R,S,
EC_MRLWR2C7,Escherichia Coli,BARMM Region,LOR-GADONGAN,Unknown,Unknown,NEG,R,R,,,,S,S,R,,S,,S,,,,,S,S,,,,,S,,S,S,,S,,S,,S,S,,,,,S,S,S,
EC_MRLWR2C10,Escherichia Coli,BARMM Region,LOR-GADONGAN,Unknown,Unknown,NEG,R,S,,,,S,I,I,,S,,S,,,,,S,S,S,,S,S,R,,I,S,,S,,S,,I,S,,,,,S,R,R,
EC_MRLWR2C11,Klebsiella Pneumoniae Ssp Pneumoniae,BARMM Region,LOR-GADONGAN,Unknown,Unknown,NEG,R,S,,,,S,S,S,,S,,S,,,,,S,S,S,,S,S,S,,S,I,,S,,S,,S,S,,,,,S,S,S,
EC_MRLWR2C17,Klebsiella Pneumoniae Ssp Pneumoniae,BARMM Region,LOR-GADONGAN,Unknown,Unknown,NEG,R,S,,,,S,S,S,,S,,S,,,,,S,S,S,,S,S,S,,S,I,,S,,S,,S,S,,,,,S,S,S,
EC_MRLWR3C12,Klebsiella Pneumoniae Ssp Pneumoniae,BARMM Region,LOR-GADONGAN,Unknown,Unknown,NEG,R,S,,,,S,S,S,,S,,S,,,,,S,S,S,,S,S,S,,S,I,,S,,S,,S,S,,,,,S,S,S,
EC_MRLWR3C16,Escherichia Coli,BARMM Region,LOR-GADONGAN,Unknown,Unknown,NEG,S,S,,,,S,S,S,,S,,S,,,,,S,S,S,,S,S,S,,S,S,,S,,S,,S,S,,,,,S,S,S,
EC_MRLWR3C17,Escherichia Coli,BARMM Region,LOR-GADONGAN,Unknown,Unknown,NEG,S,S,,,,S,S,S,,S,,S,,,,,S,S,S,,S,S,R,,S,S,,S,,S,,S,S,,,,,S,S,R,
EC_MRLWR3C20,Escherichia Coli,BARMM Region,LOR-GADONGAN,Unknown,Unknown,NEG,R,S,,,,S,S,S,,S,,S,,,,,S,S,S,,S,S,R,,I,S,,S,,S,,S,S,,,,,S,S,R,
VC_MRLWR1C1,Vibrio Cholerae,BARMM Region,LOR-GADONGAN,Unknown,Unknown,NEG,R,,,,,,S,,,,,,,,,,,,,,,,,,,,,,,,,,,,,,,,I,S,
VC_MRLWR1C3,Vibrio Cholerae,BARMM Region,LOR-GADONGAN,Unknown,Unknown,,R,S,,,,S,S,,,S,,S,,,,,,,,,,,S,,S,,,S,,S,,S,,,,,,,S,S,
VC_MRLWR1C6,Vibrio Cholerae,BARMM Region,LOR-GADONGAN,Unknown,Unknown,,R,S,,,,S,S,,,S,,S,,,,,,,,,,,S,,S,,,S,,S,,S,,,,,,,S,S,
VC_MRLWR1C7,Vibrio Cholerae,BARMM Region,LOR-GADONGAN,Unknown,Unknown,,R,I,,,,S,S,,,S,,R,,,,,,,,,,,S,,S,,,S,,S,,S,,,,,,,S,S,
VC_MRLWR1C12,Vibrio Fluvialis,BARMM Region,LOR-GADONGAN,Unknown,Unknown,,R,S,,,,S,S,,,S,,S,,,,,,,,,,,S,,S,,,S,,S,,S,,,,,,,S,S,
VC_MRLWR1C15,Vibrio Fluvialis,BARMM Region,LOR-GADONGAN,Unknown,Unknown,,R,S,,,,S,S,,,S,,S,,,,,,,,,,,S,,S,,,S,,S,,S,,,,,,,S,S,
VC_MRLWR2C2,Vibrio Fluvialis,BARMM Region,LOR-GADONGAN,Unknown,Unknown,,R,S,,,,S,S,,,S,,I,,,,,,,,,,,S,,S,,,S,,S,,S,,,,,,,S,S,
VC_MRLWR2C8,Vibrio Cholerae,BARMM Region,LOR-GADONGAN,Unknown,Unknown,,R,S,,,,S,S,,,S,,S,,,,,,,,,,,S,,S,,,S,,S,,S,,,,,,,S,S,
VC_MRLWR3C5,Enterobacter Cloacae Complex,BARMM Region,LOR-GADONGAN,Unknown,Unknown,,,R,,,,S,S,R,,S,,S,,,,,R,S,,,S,S,S,,S,S,,S,,S,,S,S,,,,,S,S,S,
VC_MRLWR3C10,Vibrio Fluvialis,BARMM Region,LOR-GADONGAN,Unknown,Unknown,,R,I,,,,S,S,,,S,,S,,,,,,,,,,,S,,S,,,S,,R,,S,,,,,,,S,S,
EC_MRFTR1C2,Escherichia Coli,BARMM Region,LOR-GADONGAN,Unknown,Unknown,NEG,S,S,,,,S,S,S,,S,,S,,,,,S,S,S,,S,S,S,,S,S,,S,,S,,S,S,,,,,S,S,S,
EC_MRFTR1C4,Klebsiella Pneumoniae Ssp Pneumoniae,BARMM Region,LOR-GADONGAN,Unknown,Unknown,NEG,R,S,,,,S,S,S,,S,,S,,,,,S,S,S,,S,S,S,,S,I,,S,,S,,S,S,,,,,S,S,S,
EC_MRFTR1C9,Klebsiella Pneumoniae Ssp Pneumoniae,BARMM Region,LOR-GADONGAN,Unknown,Unknown,NEG,R,S,,,,S,S,S,,S,,S,,,,,S,S,S,,S,S,S,,S,I,,S,,S,,S,S,,,,,S,S,S,
EC_MRFTR1C10,Klebsiella Pneumoniae Ssp Pneumoniae,BARMM Region,LOR-GADONGAN,Unknown,Unknown,NEG,R,S,,,,S,S,S,,S,,S,,,,,S,S,S,,S,S,S,,S,I,,S,,S,,S,S,,,,,S,S,S,
EC_MRFTR2C3,Klebsiella Pneumoniae Ssp Pneumoniae,BARMM Region,LOR-GADONGAN,Unknown,Unknown,NEG,R,S,,,,S,S,S,,S,,S,,,,,S,S,S,,S,S,S,,S,S,,S,,S,,S,S,,,,,S,S,S,
EC_MRFTR2C5,Klebsiella Pneumoniae Ssp Pneumoniae,BARMM Region,LOR-GADONGAN,Unknown,Unknown,NEG,R,S,,,,S,S,S,,S,,S,,,,,S,S,S,,S,S,S,,S,S,,S,,S,,S,S,,,,,S,S,S,
EC_MRFTR2C6,Escherichia Coli,BARMM Region,LOR-GADONGAN,Unknown,Unknown,NEG,S,S,,,,S,S,I,,S,,S,,,,,S,S,S,,S,S,S,,S,S,,S,,S,,S,S,,,,,S,S,S,
EC_MRFTR2C7,Escherichia Coli,BARMM Region,LOR-GADONGAN,Unknown,Unknown,NEG,S,S,,,,S,S,I,,S,,S,,,,,S,S,S,,S,S,S,,S,S,,S,,S,,S,S,,,,,S,S,S,
EC_MRFTR2C8,Escherichia Coli,BARMM Region,LOR-GADONGAN,Unknown,Unknown,NEG,S,S,,,,S,S,S,,S,,S,,,,,S,S,S,,S,S,S,,S,S,,S,,S,,S,S,,,,,S,S,S,
EC_MRFTR2C10,Escherichia Coli,BARMM Region,LOR-GADONGAN,Unknown,Unknown,NEG,S,S,,,,S,S,S,,S,,S,,,,,S,S,S,,S,S,S,,S,S,,S,,S,,S,S,,,,,S,S,S,
EC_MRFTR3C1,Escherichia Coli,BARMM Region,LOR-GADONGAN,Unknown,Unknown,NEG,S,S,,,,S,S,S,,S,,S,,,,,S,S,S,,S,S,S,,S,S,,S,,S,,S,S,,,,,S,S,S,
EC_MRFTR3C2,Klebsiella Pneumoniae Ssp Pneumoniae,BARMM Region,LOR-GADONGAN,Unknown,Unknown,NEG,S,S,,,,S,S,S,,S,,S,,,,,S,S,S,,S,S,S,,S,S,,S,,S,,S,S,,,,,S,S,S,
EC_MRFTR3C3,Escherichia Coli,BARMM Region,LOR-GADONGAN,Unknown,Unknown,NEG,S,S,,,,S,S,S,,S,,S,,,,,S,S,S,,S,S,S,,S,S,,S,,S,,S,S,,,,,S,S,S,
EC_MRFTR3C4,Klebsiella Pneumoniae Spp Ozaenae,BARMM Region,LOR-GADONGAN,Unknown,Unknown,NEG,R,S,,,,S,S,S,,S,,S,,,,,S,S,S,,S,S,S,,S,S,,S,,S,,S,S,,,,,S,S,S,
EC_MRFTR3C5,Escherichia Coli,BARMM Region,LOR-GADONGAN,Unknown,Unknown,NEG,S,S,,,,S,S,S,,S,,S,,,,,S,S,S,,S,S,S,,S,S,,S,,S,,S,S,,,,,S,S,S,
EC_MRFTR3C6,Escherichia Coli,BARMM Region,LOR-GADONGAN,Unknown,Unknown,NEG,R,R,,,,S,S,R,,S,,S,,,,,R,S,,,,S,S,,S,S,,S,,S,,S,S,,,,,S,S,S,
EC_MRFTR3C8,Escherichia Coli,BARMM Region,LOR-GADONGAN,Unknown,Unknown,NEG,R,S,,,,S,S,S,,S,,S,,,,,S,S,S,,S,S,S,,S,S,,S,,S,,S,S,,,,,S,S,S,
EC_MRFTR3C11,Klebsiella Pneumoniae Ssp Pneumoniae,BARMM Region,LOR-GADONGAN,Unknown,Unknown,NEG,R,S,,,,S,S,S,,S,,S,,,,,S,S,S,,S,S,S,,S,S,,S,,S,,S,S,,,,,S,S,S,
SG_MRFTR1C2,Enterobacter Aerogenes,BARMM Region,LOR-GADONGAN,Unknown,Unknown,,,R,,,,S,S,R,,S,,S,,,,,R,S,S,,S,S,R,,S,I,,S,,I,,S,S,,,,,S,S,R,
VC_MRFTR1C2,Escherichia Coli,BARMM Region,LOR-GADONGAN,Unknown,Unknown,NEG,R,S,,,,S,S,I,,S,,S,,,,,S,S,S,,S,S,S,,S,S,,S,,S,,S,S,,,,,S,S,R,
VC_MRFTR3C1,Escherichia Coli,BARMM Region,LOR-GADONGAN,Unknown,Unknown,NEG,S,S,,,,S,S,S,,S,,S,,,,,S,S,S,,S,S,S,,S,S,,S,,S,,S,S,,,,,S,S,S,
EC_MRFKR1C3,Escherichia Coli,BARMM Region,LOR-GADONGAN,Unknown,Unknown,NEG,R,S,,,,S,S,S,,S,,S,,,,,S,S,S,,S,S,S,,S,S,,S,,S,,S,S,,,,,S,S,S,
EC_MRFKR1C5,Klebsiella Pneumoniae Ssp Pneumoniae,BARMM Region,LOR-GADONGAN,Unknown,Unknown,NEG,R,S,,,,S,S,S,,S,,S,,,,,S,S,S,,S,S,S,,S,S,,S,,S,,S,S,,,,,S,S,S,
EC_MRFKR2C1,Escherichia Coli,BARMM Region,LOR-GADONGAN,Unknown,Unknown,NEG,S,S,,,,S,S,S,,S,,S,,,,,S,S,S,,S,S,S,,S,S,,S,,S,,S,S,,,,,S,S,S,
EC_MRFKR2C2,Klebsiella Pneumoniae Ssp Pneumoniae,BARMM Region,LOR-GADONGAN,Unknown,Unknown,NEG,R,R,,,,S,S,R,,R,,R,,,,,R,R,,,,,R,,I,I,,S,,R,,S,S,,,,,S,R,R,
EC_MRFKR2C5,Klebsiella Pneumoniae Ssp Pneumoniae,BARMM Region,LOR-GADONGAN,Unknown,Unknown,NEG,R,S,,,,S,S,S,,S,,S,,,,,S,S,S,,S,S,S,,S,S,,S,,S,,S,S,,,,,S,S,S,
EC_MRFKR2C7,Escherichia Coli,BARMM Region,LOR-GADONGAN,Unknown,Unknown,NEG,R,S,,,,S,S,I,,S,,S,,,,,S,S,S,,S,S,S,,S,S,,S,,S,,S,S,,,,,S,R,S,
EC_MRFKR3C3,Escherichia Coli,BARMM Region,LOR-GADONGAN,Unknown,Unknown,NEG,R,S,,,,S,S,S,,S,,S,,,,,S,S,S,,S,S,R,,S,S,,S,,S,,S,S,,,,,S,S,R,
EC_MRFKR3C6,Klebsiella Pneumoniae Ssp Pneumoniae,BARMM Region,LOR-GADONGAN,Unknown,Unknown,NEG,R,S,,,,S,S,S,,S,,S,,,,,S,S,S,,S,S,S,,S,S,,S,,S,,S,S,,,,,S,S,S,
EC_MRFKR3C7,Escherichia Coli,BARMM Region,LOR-GADONGAN,Unknown,Unknown,NEG,R,S,,,,S,S,S,,S,,S,,,,,S,S,S,,S,S,S,,S,S,,S,,S,,S,S,,,,,S,S,S,
EC_MRFKR3C9,Klebsiella Pneumoniae Ssp Pneumoniae,BARMM Region,LOR-GADONGAN,Unknown,Unknown,NEG,R,S,,,,S,S,S,,S,,S,,,,,S,S,S,,S,S,S,,S,S,,S,,S,,S,S,,,,,S,S,S,
VC_MRFKR1C3,Klebsiella Pneumoniae Ssp Pneumoniae,BARMM Region,LOR-GADONGAN,Unknown,Unknown,NEG,R,S,,,,S,S,S,,S,,S,,,,,S,S,S,,S,S,S,,S,S,,S,,S,,S,S,,,,,S,S,S,
VC_MRFKR2C5,Klebsiella Pneumoniae Ssp Pneumoniae,BARMM Region,LOR-GADONGAN,Unknown,Unknown,NEG,R,S,,,,S,S,S,,S,,S,,,,,S,S,S,,S,S,S,,S,S,,S,,S,,S,S,,,,,S,S,S,
VC_MRFKR3C2,Enterobacter Cloacae Complex,BARMM Region,LOR-GADONGAN,Unknown,Unknown,,,R,,,,S,I,R,,S,,S,,,,,R,S,,,S,,S,,S,I,,S,,S,,S,S,,,,,S,S,S,
EC_MDDWR1C1,Klebsiella Pneumoniae Ssp Pneumoniae,BARMM Region,LOR-DAYAWAN,Unknown,Unknown,NEG,R,S,,,,S,S,S,,S,,S,,,,,S,S,S,,S,S,S,,S,I,,S,,S,,S,S,,,,,S,S,S,
EC_MDDWR1C2,Klebsiella Pneumoniae Ssp Pneumoniae,BARMM Region,LOR-DAYAWAN,Unknown,Unknown,NEG,R,S,,,,S,S,S,,S,,S,,,,,S,S,S,,S,S,S,,S,S,,S,,S,,S,S,,,,,S,S,S,
EC_MDDWR2C3,Klebsiella Pneumoniae Ssp Pneumoniae,BARMM Region,LOR-DAYAWAN,Unknown,Unknown,NEG,R,S,,,,S,S,S,,S,,S,,,,,S,S,S,,S,S,S,,S,S,,S,,S,,S,S,,,,,S,S,S,
SAL_MDDWR2C1,Klebsiella Pneumoniae Ssp Pneumoniae,BARMM Region,LOR-DAYAWAN,Unknown,Unknown,NEG,R,S,,,,S,S,R,,R,,R,,,,,R,R,,,,,R,,I,R,,S,,S,,S,S,,,,,S,S,R,
SAL_MDDWR2C2,Escherichia Coli,BARMM Region,LOR-DAYAWAN,Unknown,Unknown,NEG,S,S,,,,S,S,S,,S,,S,,,,,S,S,S,,S,S,S,,S,I,,S,,S,,S,S,,,,,S,S,S,
EC_MDLWR1C1,Enterobacter Cloacae Complex,BARMM Region,LOR-DAYAWAN,Unknown,Unknown,,,S,,,,S,S,S,,S,,S,,,,,S,S,,,S,,S,,S,S,,S,,S,,S,S,,,,,S,S,S,
EC_MDLWR1C6,Klebsiella Pneumoniae Ssp Pneumoniae,BARMM Region,LOR-DAYAWAN,Unknown,Unknown,NEG,R,S,,,,S,S,S,,S,,S,,,,,S,S,S,,S,S,S,,S,I,,S,,S,,S,S,,,,,S,S,S,
EC_MDLWR1C12,Enterobacter Cloacae Complex,BARMM Region,LOR-DAYAWAN,Unknown,Unknown,,,R,,,,S,S,R,,R,,S,,,,,R,S,,,,S,S,,S,I,,S,,S,,S,S,,,,,S,S,S,
EC_MDLWR2C4,Enterobacter Cloacae Complex,BARMM Region,LOR-DAYAWAN,Unknown,Unknown,,,R,,,,S,S,R,,S,,S,,,,,R,S,,,S,S,S,,S,I,,S,,S,,S,S,,,,,S,S,S,
EC_MDLWR2C8,Klebsiella Pneumoniae Ssp Pneumoniae,BARMM Region,LOR-DAYAWAN,Unknown,Unknown,NEG,R,S,,,,S,S,S,,S,,S,,,,,S,S,S,,S,S,S,,S,S,,S,,S,,S,S,,,,,S,S,S,
EC_MDLWR2C9,Klebsiella Pneumoniae Ssp Pneumoniae,BARMM Region,LOR-DAYAWAN,Unknown,Unknown,NEG,R,S,,,,S,S,S,,S,,S,,,,,S,S,S,,S,S,S,,S,S,,S,,S,,S,S,,,,,S,S,S,
EC_MDLWR2C12,Enterobacter Cloacae Complex,BARMM Region,LOR-DAYAWAN,Unknown,Unknown,,,R,,,,S,S,R,,S,,S,,,,,R,S,,,S,S,S,,S,S,,S,,S,,S,,,,,,S,S,S,
EC_MDFTR1C2,Escherichia Coli,BARMM Region,LOR-DAYAWAN,Unknown,Unknown,NEG,R,S,,,,S,S,S,,S,,S,,,,,S,S,S,,S,S,S,,S,S,,S,,S,,S,S,,,,,S,S,S,
EC_MDFTR1C4,Escherichia Coli,BARMM Region,LOR-DAYAWAN,Unknown,Unknown,NEG,S,S,,,,S,I,S,,S,,S,,,,,S,S,S,,S,S,I,,S,S,,S,,S,,S,S,,,,,S,S,R,
EC_MDFTR1C7,Escherichia Coli,BARMM Region,LOR-DAYAWAN,Unknown,Unknown,NEG,S,S,,,,S,S,S,,S,,S,,,,,S,S,S,,S,S,S,,S,S,,S,,S,,S,S,,,,,S,S,S,
EC_MDFTR1C8,Enterobacter Cloacae Complex,BARMM Region,LOR-DAYAWAN,Unknown,Unknown,,,S,,,,S,S,R,,S,,S,,,,,R,S,,,S,S,S,,S,S,,S,,S,,S,S,,,,,S,S,S,
EC_MDFTR1C9,Escherichia Coli,BARMM Region,LOR-DAYAWAN,Unknown,Unknown,NEG,S,S,,,,S,S,S,,S,,S,,,,,S,S,S,,S,S,S,,S,S,,S,,S,,S,S,,,,,S,S,S,
EC_MDFTR1C11,Escherichia Coli,BARMM Region,LOR-DAYAWAN,Unknown,Unknown,NEG,S,S,,,,S,S,S,,S,,S,,,,,S,S,S,,S,S,R,,S,S,,S,,S,,S,S,,,,,S,S,R,
EC_MDFTR1C13,Enterobacter Cloacae Complex,BARMM Region,LOR-DAYAWAN,Unknown,Unknown,,,R,,,,S,S,R,,S,,I,,,,,R,S,,,S,S,R,,S,S,,S,,S,,S,S,,,,,S,S,S,
EC_MDFTR1C15,Escherichia Coli,BARMM Region,LOR-DAYAWAN,Unknown,Unknown,NEG,S,S,,,,S,I,S,,S,,S,,,,,S,S,S,,S,S,S,,S,S,,S,,S,,S,S,,,,,S,S,S,
EC_MDFTR1C16,Escherichia Coli,BARMM Region,LOR-DAYAWAN,Unknown,Unknown,NEG,R,S,,,,S,S,R,,I,,I,,,,,R,S,,,,S,R,,S,S,,S,,S,,S,S,,,,,I,R,I,
EC_MDFTR1C17,Escherichia Coli,BARMM Region,LOR-DAYAWAN,Unknown,Unknown,NEG,R,S,,,,S,R,R,,S,,S,,,,,R,S,,,,,R,,S,S,,S,,S,,S,S,,,,,S,R,S,
EC_MDFTR1C18,Escherichia Coli,BARMM Region,LOR-DAYAWAN,Unknown,Unknown,NEG,S,S,,,,S,I,I,,S,,S,,,,,S,S,S,,S,S,S,,S,S,,S,,S,,S,S,,,,,S,S,S,
EC_MDFTR2C3,Escherichia Coli,BARMM Region,LOR-DAYAWAN,Unknown,Unknown,NEG,R,S,,,,S,S,R,,R,,R,,,,,R,I,,,,,S,,S,S,,S,,R,,S,S,,,,,S,S,S,
EC_MDFTR2C6,Escherichia Coli,BARMM Region,LOR-DAYAWAN,Unknown,Unknown,NEG,S,S,,,,S,S,S,,S,,S,,,,,S,S,S,,S,S,S,,S,S,,S,,S,,S,S,,,,,S,S,S,
EC_MDFTR2C7,Escherichia Coli,BARMM Region,LOR-DAYAWAN,Unknown,Unknown,NEG,S,S,,,,S,S,I,,S,,S,,,,,S,S,S,,S,S,S,,S,S,,S,,S,,S,S,,,,,S,S,S,
EC_MDFTR2C8,Escherichia Coli,BARMM Region,LOR-DAYAWAN,Unknown,Unknown,NEG,R,S,,,,S,S,S,,S,,S,,,,,S,S,S,,S,S,R,,S,S,,S,,S,,S,S,,,,,S,S,I,
EC_MDFTR2C10,Escherichia Coli,BARMM Region,LOR-DAYAWAN,Unknown,Unknown,NEG,S,S,,,,S,I,I,,S,,S,,,,,S,S,S,,S,S,S,,S,S,,S,,S,,S,S,,,,,S,S,S,
EC_MDFTR2C14,Enterobacter Aerogenes,BARMM Region,LOR-DAYAWAN,Unknown,Unknown,,,S,,,,S,S,R,,S,,S,,,,,R,S,S,,S,S,R,,I,S,,S,,S,,S,S,,,,,S,S,R,
EC_MDFTR2C15,Escherichia Coli,BARMM Region,LOR-DAYAWAN,Unknown,Unknown,,R,S,,,,S,S,S,,S,,S,,,,,S,S,S,,S,S,S,,S,S,,S,,S,,S,S,,,,,S,S,S,
EC_MDFTR2C16,Enterobacter Aerogenes,BARMM Region,LOR-DAYAWAN,Unknown,Unknown,,,S,,,,S,R,R,,R,,I,,,,,R,I,,,,S,R,,I,S,,S,,S,,S,S,,,,,S,R,I,
EC_MDFTR3C1,Escherichia Coli,BARMM Region,LOR-DAYAWAN,Unknown,Unknown,NEG,S,S,,,,S,S,S,,S,,S,,,,,S,S,S,,S,S,S,,S,S,,S,,S,,S,S,,,,,S,S,S,
EC_MDFTR3C8,Klebsiella Pneumoniae Ssp Pneumoniae,BARMM Region,LOR-DAYAWAN,Unknown,Unknown,NEG,R,S,,,,S,S,R,,S,,S,,,,,R,S,S,,S,S,R,,I,S,,S,,S,,S,S,,,,,I,R,R,
EC_MDFTR3C10,Klebsiella Pneumoniae Ssp Pneumoniae,BARMM Region,LOR-DAYAWAN,Unknown,Unknown,NEG,R,S,,,,S,S,S,,S,,S,,,,,S,S,S,,S,S,R,,I,I,,S,,S,,S,S,,,,,I,R,R,
EC_MDFTR3C16,Klebsiella Pneumoniae Ssp Pneumoniae,BARMM Region,LOR-DAYAWAN,Unknown,Unknown,NEG,R,S,,,,S,S,S,,S,,S,,,,,R,S,S,,S,S,S,,S,S,,S,,S,,S,S,,,,,S,S,S,
EC_MDFTR3C17,Escherichia Coli,BARMM Region,LOR-DAYAWAN,Unknown,Unknown,NEG,R,S,,,,S,R,R,,I,,I,,,,,R,S,,,,,R,,S,S,,S,,S,,S,S,,,,,S,R,R,
EC_MDFTR3C18,Escherichia Coli,BARMM Region,LOR-DAYAWAN,Unknown,Unknown,NEG,R,S,,,,S,R,S,,S,,S,,,,,R,S,S,,S,S,R,,S,S,,S,,S,,S,S,,,,,S,R,R,
SAL_MDFTR2C1,Salmonella Enterica Spp Diarizonae,BARMM Region,LOR-DAYAWAN,Unknown,Unknown,,R,S,,,,R,R,R,,I,,I,,,,,R,S,,,,S,S,,I,S,,R,,S,,S,S,,,,,I,S,S,
SAL_MDFTR2C5,Salmonella Enterica Spp Diarizonae,BARMM Region,LOR-DAYAWAN,Unknown,Unknown,,R,S,,,,R,I,R,,I,,I,,,,,R,S,,,,S,S,,I,S,,R,,S,,S,S,,,,,S,S,S,
SAL_MDFTR3C6,Escherichia Coli,BARMM Region,LOR-DAYAWAN,Unknown,Unknown,POS,R,S,,,,S,S,R,,R,,R,,,,,R,I,R,,,S,R,,R,S,,S,,S,,R,I,,,,,R,R,R,
VC_MDFTR1C1,Escherichia Coli,BARMM Region,LOR-DAYAWAN,Unknown,Unknown,NEG,R,S,,,,S,S,S,,S,,S,,,,,S,S,S,,S,S,I,,S,S,,S,,S,,S,S,,,,,S,S,R,
VC_MDFTR3C1,Klebsiella Pneumoniae Ssp Pneumoniae,BARMM Region,LOR-DAYAWAN,Unknown,Unknown,NEG,R,S,,,,S,R,R,,I,,S,,,,,R,S,S,,,S,R,,I,S,,S,,S,,S,S,,,,,S,R,R,
VC_MDFTR3C4,Escherichia Coli,BARMM Region,LOR-DAYAWAN,Unknown,Unknown,NEG,S,S,,,,S,S,S,,S,,S,,,,,S,S,S,,S,S,S,,S,S,,S,,S,,S,S,,,,,S,S,S,
EC_MDFKR1C3,Klebsiella Pneumoniae Ssp Pneumoniae,BARMM Region,LOR-DAYAWAN,Unknown,Unknown,NEG,R,S,,,,S,S,S,,S,,S,,,,,S,S,S,,S,S,S,,S,I,,S,,S,,S,S,,,,,S,S,S,
EC_MDFKR1C4,Klebsiella Pneumoniae Ssp Pneumoniae,BARMM Region,LOR-DAYAWAN,Unknown,Unknown,NEG,R,S,,,,S,S,S,,S,,S,,,,,S,S,S,,S,S,S,,S,I,,S,,S,,S,S,,,,,S,S,S,
EC_MDFKR2C1,Escherichia Coli,BARMM Region,LOR-DAYAWAN,Unknown,Unknown,NEG,S,S,,,,S,S,S,,S,,S,,,,,S,S,S,,S,S,S,,S,S,,S,,S,,S,S,,,,,S,S,S,
EC_MDFKR2C4,Klebsiella Pneumoniae Ssp Pneumoniae,BARMM Region,LOR-DAYAWAN,Unknown,Unknown,NEG,R,S,,,,S,S,S,,S,,S,,,,,S,S,S,,,S,R,,I,S,,S,,S,,S,S,,,,,I,S,R,
EC_MDFKR2C6,Klebsiella Pneumoniae Ssp Pneumoniae,BARMM Region,LOR-DAYAWAN,Unknown,Unknown,NEG,R,S,,,,S,S,S,,S,,S,,,,,S,S,S,,S,S,R,,S,S,,S,,S,,S,S,,,,,S,S,I,
EC_MDFKR3C1,Klebsiella Pneumoniae Ssp Pneumoniae,BARMM Region,LOR-DAYAWAN,Unknown,Unknown,NEG,R,S,,,,S,S,S,,S,,S,,,,,S,S,S,,S,S,S,,S,S,,S,,S,,S,S,,,,,S,S,S,
EC_MDFKR3C2,Klebsiella Pneumoniae Ssp Pneumoniae,BARMM Region,LOR-DAYAWAN,Unknown,Unknown,NEG,R,S,,,,S,S,S,,S,,S,,,,,S,S,S,,S,S,S,,S,I,,S,,S,,S,S,,,,,S,S,S,
EC_MDFKR3C4,Escherichia Coli,BARMM Region,LOR-DAYAWAN,Unknown,Unknown,NEG,R,S,,,,S,R,S,,S,,S,,,,,S,S,S,,S,S,R,,S,S,,S,,S,,S,S,,,,,S,S,R,
EC_MDFKR3C5,Escherichia Coli,BARMM Region,LOR-DAYAWAN,Unknown,Unknown,NEG,S,S,,,,S,S,S,,S,,S,,,,,S,S,S,,S,S,R,,S,S,,S,,S,,S,S,,,,,S,S,I,
SAL_MDFKR3C4,Escherichia Coli,BARMM Region,LOR-DAYAWAN,Unknown,Unknown,NEG,S,S,,,,S,S,S,,S,,S,,,,,S,S,S,,S,S,S,,S,S,,S,,S,,S,S,,,,,S,S,S,
VC_MDFKR1C1,Escherichia Coli,BARMM Region,LOR-DAYAWAN,Unknown,Unknown,NEG,S,S,,,,S,S,S,,S,,S,,,,,S,S,S,,S,S,R,,S,S,,S,,S,,S,S,,,,,S,S,I,
EC_PRDWR1C1,Enterobacter Cloacae Complex,Region III-Central Luzon,LOR-SAN ROQUE,Unknown,Unknown,,,R,,,,S,S,R,,S,,I,,,,,R,S,,,S,S,S,,S,I,,S,,S,,S,S,,,,,S,S,S,
EC_PRDWR1C6,Klebsiella Pneumoniae Ssp Pneumoniae,Region III-Central Luzon,LOR-SAN ROQUE,Unknown,Unknown,NEG,R,S,,,,S,S,S,,S,,I,,,,,S,S,S,,S,S,S,,S,S,,S,,S,,S,S,,,,,S,S,S,
EC_PRDWR1C9,Enterobacter Cloacae Complex,Region III-Central Luzon,LOR-SAN ROQUE,Unknown,Unknown,,,R,,,,S,S,R,,S,,S,,,,,R,S,,,S,S,S,,S,I,,S,,S,,S,S,,,,,S,S,S,
EC_PRDWR2C6,Enterobacter Cloacae Complex,Region III-Central Luzon,LOR-SAN ROQUE,Unknown,Unknown,,,R,,,,S,S,R,,S,,S,,,,,R,S,,,S,S,S,,S,I,,S,,S,,S,S,,,,,S,S,S,
EC_PRDWR3C3,Enterobacter Cloacae Complex,Region III-Central Luzon,LOR-SAN ROQUE,Unknown,Unknown,,,R,,,,S,S,R,,S,,S,,,,,R,S,,,S,S,S,,S,I,,S,,S,,S,S,,,,,S,S,S,
EC_PRDWR3C5,Enterobacter Cloacae Complex,Region III-Central Luzon,LOR-SAN ROQUE,Unknown,Unknown,,,R,,,,S,S,R,,S,,S,,,,,R,S,,,S,S,S,,S,S,,S,,S,,S,S,,,,,S,S,S,
EC_PRDWR3C9,Enterobacter Cloacae Complex,Region III-Central Luzon,LOR-SAN ROQUE,Unknown,Unknown,,,R,,,,S,S,R,,S,,S,,,,,R,S,,,S,S,S,,S,S,,S,,S,,S,S,,,,,S,S,S,
EC_PRDWR3C10,Enterobacter Cloacae Complex,Region III-Central Luzon,LOR-SAN ROQUE,Unknown,Unknown,,,R,,,,S,S,R,,S,,S,,,,,R,S,,,S,S,S,,S,I,,S,,S,,S,S,,,,,S,S,S,
EC_PRRWR1C2,Enterobacter Cloacae Complex,Region III-Central Luzon,LOR-SAN ROQUE,Unknown,Unknown,,,R,,,,S,S,R,,S,,S,,,,,R,S,,,S,S,S,,S,S,,S,,S,,S,S,,,,,S,S,S,
EC_PRRWR1C5,Klebsiella Pneumoniae Ssp Pneumoniae,Region III-Central Luzon,LOR-SAN ROQUE,Unknown,Unknown,NEG,R,S,,,,S,R,S,,S,,S,,,,,S,S,S,,S,S,R,,I,S,,S,,S,,S,I,,,,,I,R,R,
EC_PRRWR1C10,Klebsiella Pneumoniae Ssp Pneumoniae,Region III-Central Luzon,LOR-SAN ROQUE,Unknown,Unknown,NEG,R,S,,,,S,S,S,,S,,S,,,,,S,S,S,,S,S,S,,S,S,,S,,S,,S,S,,,,,S,S,S,
EC_PRRWR2C4,Klebsiella Pneumoniae Ssp Pneumoniae,Region III-Central Luzon,LOR-SAN ROQUE,Unknown,Unknown,NEG,R,S,,,,S,S,S,,S,,S,,,,,S,S,S,,S,S,S,,S,I,,S,,S,,S,S,,,,,S,S,S,
EC_PRRWR2C9,Klebsiella Pneumoniae Ssp Pneumoniae,Region III-Central Luzon,LOR-SAN ROQUE,Unknown,Unknown,NEG,R,S,,,,S,R,S,,S,,S,,,,,S,S,S,,S,S,R,,S,S,,S,,S,,S,I,,,,,I,R,R,
EC_PRRWR3C1,Enterobacter Cloacae Complex,Region III-Central Luzon,LOR-SAN ROQUE,Unknown,Unknown,,,R,,,,S,S,R,,S,,S,,,,,R,S,,,S,S,S,,S,S,,S,,S,,S,S,,,,,S,S,S,
EC_PRRWR3C4,Enterobacter Cloacae Complex,Region III-Central Luzon,LOR-SAN ROQUE,Unknown,Unknown,,,R,,,,S,S,R,,S,,I,,,,,R,S,,,S,S,S,,S,S,,S,,S,,S,S,,,,,S,S,S,
EC_PRRWR3C9,Escherichia Coli,Region III-Central Luzon,LOR-SAN ROQUE,Unknown,Unknown,NEG,R,S,,,,S,S,S,,S,,S,,,,,R,S,S,,S,S,S,,S,S,,S,,S,,S,S,,,,,S,S,S,
EC_PRFTR1C2,Escherichia Coli,Region III-Central Luzon,LOR-SAN ROQUE,Unknown,Unknown,NEG,S,S,,,,S,S,I,,S,,S,,,,,S,S,S,,S,S,S,,S,S,,S,,S,,S,S,,,,,S,S,S,
EC_PRFTR1C10,Escherichia Coli,Region III-Central Luzon,LOR-SAN ROQUE,Unknown,Unknown,NEG,S,S,,,,S,S,S,,S,,S,,,,,S,S,S,,S,S,S,,S,S,,S,,S,,S,S,,,,,S,S,S,
EC_PRFTR1C16,Enterobacter Aerogenes,Region III-Central Luzon,LOR-SAN ROQUE,Unknown,Unknown,,,R,,,,S,S,R,,I,,S,,,,,R,S,S,,S,S,S,,S,I,,S,,S,,S,S,,,,,S,S,S,
EC_PRFTR1C17,Enterobacter Cloacae Complex,Region III-Central Luzon,LOR-SAN ROQUE,Unknown,Unknown,,,R,,,,S,S,R,,S,,S,,,,,R,S,,,S,S,S,,S,I,,S,,S,,S,S,,,,,S,S,S,
EC_PRFTR2C5,Enterobacter Aerogenes,Region III-Central Luzon,LOR-SAN ROQUE,Unknown,Unknown,,,R,,,,S,S,R,,I,,S,,,,,R,S,S,,S,S,S,,I,I,,S,,S,,S,S,,,,,S,S,S,
EC_PRFTR2C7,Escherichia Coli,Region III-Central Luzon,LOR-SAN ROQUE,Unknown,Unknown,NEG,R,S,,,,S,S,S,,S,,S,,,,,R,S,S,,S,S,S,,S,S,,S,,S,,S,S,,,,,S,S,S,
EC_PRFTR2C18,Enterobacter Aerogenes,Region III-Central Luzon,LOR-SAN ROQUE,Unknown,Unknown,,,R,,,,S,S,R,,S,,S,,,,,R,S,S,,S,S,S,,S,I,,S,,S,,S,S,,,,,S,S,S,
EC_PRFTR3C5,Enterobacter Cloacae Complex,Region III-Central Luzon,LOR-SAN ROQUE,Unknown,Unknown,,,R,,,,S,S,R,,S,,S,,,,,R,S,,,S,S,S,,S,I,,S,,S,,S,S,,,,,S,S,S,
EC_PRFGR1C1,Enterobacter Aerogenes,Region III-Central Luzon,LOR-SAN ROQUE,Unknown,Unknown,,,R,,,,S,S,R,,S,,S,,,,,R,S,S,,S,S,S,,S,I,,S,,S,,S,S,,,,,S,S,S,
EC_PRFGR1C7,Enterobacter Cloacae Complex,Region III-Central Luzon,LOR-SAN ROQUE,Unknown,Unknown,,,R,,,,S,S,R,,S,,S,,,,,R,S,,,S,S,S,,S,I,,S,,S,,S,S,,,,,S,S,S,
EC_PRFGR1C12,Enterobacter Cloacae Complex,Region III-Central Luzon,LOR-SAN ROQUE,Unknown,Unknown,,,R,,,,S,S,R,,S,,S,,,,,R,S,,,S,S,S,,S,I,,S,,S,,S,S,,,,,S,S,S,
EC_PRFGR1C15,Enterobacter Cloacae Complex,Region III-Central Luzon,LOR-SAN ROQUE,Unknown,Unknown,,,R,,,,S,S,R,,S,,S,,,,,R,S,,,S,S,S,,S,I,,S,,S,,S,S,,,,,S,S,S,
EC_PRFGR1C18,Enterobacter Cloacae Complex,Region III-Central Luzon,LOR-SAN ROQUE,Unknown,Unknown,,,R,,,,S,S,R,,S,,S,,,,,R,S,,,S,S,S,,S,I,,S,,S,,S,S,,,,,S,S,S,
EC_PRFGR2C2,Klebsiella Pneumoniae Ssp Pneumoniae,Region III-Central Luzon,LOR-SAN ROQUE,Unknown,Unknown,NEG,R,S,,,,S,R,S,,S,,S,,,,,S,S,S,,S,S,R,,I,I,,S,,S,,S,S,,,,,I,R,R,
EC_PRFGR2C7,Klebsiella Pneumoniae Ssp Pneumoniae,Region III-Central Luzon,LOR-SAN ROQUE,Unknown,Unknown,NEG,R,S,,,,S,S,S,,S,,S,,,,,S,S,S,,S,S,S,,S,S,,S,,S,,S,S,,,,,S,S,S,
EC_PRFGR2C8,Klebsiella Pneumoniae Ssp Pneumoniae,Region III-Central Luzon,LOR-SAN ROQUE,Unknown,Unknown,NEG,R,S,,,,S,S,S,,S,,S,,,,,S,S,S,,S,S,S,,S,I,,S,,S,,S,S,,,,,S,S,S,
EC_PRFGR2C11,Enterobacter Aerogenes,Region III-Central Luzon,LOR-SAN ROQUE,Unknown,Unknown,,,R,,,,S,S,R,,I,,S,,,,,R,S,S,,S,S,S,,S,I,,S,,S,,S,S,,,,,S,S,S,
EC_PRFGR3C1,Enterobacter Cloacae Complex,Region III-Central Luzon,LOR-SAN ROQUE,Unknown,Unknown,,,R,,,,S,S,R,,S,,S,,,,,R,S,,,S,S,S,,S,S,,S,,S,,S,S,,,,,S,S,S,
EC_PRFGR3C6,Enterobacter Cloacae Complex,Region III-Central Luzon,LOR-SAN ROQUE,Unknown,Unknown,,,R,,,,S,S,R,,S,,S,,,,,R,S,,,S,S,S,,S,I,,S,,S,,S,S,,,,,S,S,S,
EC_PRFGR3C10,Enterobacter Cloacae Complex,Region III-Central Luzon,LOR-SAN ROQUE,Unknown,Unknown,,,R,,,,S,S,R,,S,,S,,,,,R,S,,,S,S,S,,S,I,,S,,S,,S,S,,,,,S,S,S,
EC_PRFGR3C17,Enterobacter Cloacae Complex,Region III-Central Luzon,LOR-SAN ROQUE,Unknown,Unknown,,,R,,,,S,S,R,,S,,S,,,,,R,S,,,S,S,S,,S,I,,S,,S,,S,S,,,,,S,S,S,
EC_PRFGR3C20,Enterobacter Cloacae Complex,Region III-Central Luzon,LOR-SAN ROQUE,Unknown,Unknown,,,R,,,,S,S,R,,S,,I,,,,,R,S,,,S,S,S,,S,I,,S,,S,,S,S,,,,,S,S,S,
SALPRDWR1C3,Salmonella Group,Region III-Central Luzon,LOR-SAN ROQUE,Unknown,Unknown,,S,S,,,,R,S,R,,S,,S,,,,,R,S,S,,S,S,S,,S,S,,R,,S,,S,S,,,,,S,S,S,
SALPRDWR2C5,Escherichia Coli,Region III-Central Luzon,LOR-SAN ROQUE,Unknown,Unknown,NEG,R,S,,,,S,R,S,,S,,R,,,,,R,S,S,,S,S,R,,I,S,,S,,S,,S,S,,,,,S,R,R,
SALPRDWR3C10,Salmonella Group,Region III-Central Luzon,LOR-SAN ROQUE,Unknown,Unknown,,S,S,,,,R,S,R,,S,,S,,,,,R,S,S,,S,S,S,,S,S,,R,,S,,S,S,,,,,S,S,S,
SALPRDWR3C15,Escherichia Coli,Region III-Central Luzon,LOR-SAN ROQUE,Unknown,Unknown,NEG,S,S,,,,S,R,S,,S,,S,,,,,S,S,S,,S,S,R,,I,S,,S,,S,,S,S,,,,,S,R,R,
SGPRDWR1C6,Salmonella Group,Region III-Central Luzon,LOR-SAN ROQUE,Unknown,Unknown,,S,S,,,,R,S,R,,S,,S,,,,,R,S,S,,S,S,S,,S,S,,R,,S,,S,S,,,,,S,S,S,
SGPRDWR1C10,Salmonella Group,Region III-Central Luzon,LOR-SAN ROQUE,Unknown,Unknown,,S,S,,,,R,S,R,,S,,R,,,,,R,S,S,,S,S,S,,S,S,,R,,S,,S,S,,,,,S,S,S,
SGPRDWR2C5,Salmonella Group,Region III-Central Luzon,LOR-SAN ROQUE,Unknown,Unknown,,S,S,,,,R,S,R,,S,,S,,,,,R,S,S,,S,S,S,,S,S,,R,,S,,S,S,,,,,S,S,S,
SGPRDWR2C9,Salmonella Group,Region III-Central Luzon,LOR-SAN ROQUE,Unknown,Unknown,,S,S,,,,R,S,R,,S,,S,,,,,R,S,S,,S,S,S,,S,S,,R,,S,,S,S,,,,,S,S,S,
SGPRDWR3C8,Salmonella Group,Region III-Central Luzon,LOR-SAN ROQUE,Unknown,Unknown,,S,S,,,,R,S,R,,S,,R,,,,,R,S,S,,S,S,S,,S,S,,R,,S,,S,S,,,,,S,S,S,
SGPRDWR3C9,Salmonella Group,Region III-Central Luzon,LOR-SAN ROQUE,Unknown,Unknown,,S,S,,,,R,S,R,,S,,S,,,,,R,S,S,,S,S,S,,S,S,,R,,S,,S,S,,,,,S,S,S,
SALPRRWR2C7,Salmonella Group,Region III-Central Luzon,LOR-SAN ROQUE,Unknown,Unknown,,S,S,,,,R,S,R,,S,,R,,,,,R,S,S,,S,S,S,,S,S,,R,,S,,S,S,,,,,S,S,S,
SALPRRWR2C9,Escherichia Coli,Region III-Central Luzon,LOR-SAN ROQUE,Unknown,Unknown,NEG,R,S,,,,S,R,S,,S,,S,,,,,R,S,S,,S,S,R,,I,S,,S,,S,,S,S,,,,,S,R,R,
SALPRRWR3C8,Escherichia Coli,Region III-Central Luzon,LOR-SAN ROQUE,Unknown,Unknown,NEG,S,S,,,,S,R,S,,S,,S,,,,,S,S,S,,S,S,R,,I,S,,S,,S,,S,S,,,,,S,R,R,
SALPRRWR3C10,Escherichia Coli,Region III-Central Luzon,LOR-SAN ROQUE,Unknown,Unknown,NEG,S,S,,,,S,R,S,,S,,S,,,,,S,S,S,,S,S,R,,I,S,,S,,S,,S,S,,,,,S,R,R,
SGPRFGR3C1,Escherichia Coli,Region III-Central Luzon,LOR-SAN ROQUE,Unknown,Unknown,,R,S,,,,S,S,S,,S,,S,,,,,R,S,S,,S,S,R,,S,S,,S,,S,,S,S,,,,,S,S,R,
VCPRDWR2C6,Enterobacter Cloacae Complex/E Coli,Region III-Central Luzon,LOR-SAN ROQUE,Unknown,Unknown,NEG,R,R,,,,S,I,I,,S,,I,,,,,R,S,S,,S,S,S,,S,S,,S,,S,,S,S,,,,,S,S,S,
VCPRRWR1C3,Escherichia Coli,Region III-Central Luzon,LOR-SAN ROQUE,Unknown,Unknown,POS,R,I,,,,S,R,R,,R,,R,,,,,R,R,R,,,S,R,,R,S,,R,,S,,R,S,,,,,R,R,R,
VCPRRWR1C6,Escherichia Coli,Region III-Central Luzon,LOR-SAN ROQUE,Unknown,Unknown,NEG,S,S,,,,S,S,S,,S,,I,,,,,S,S,S,,S,S,S,,S,S,,S,,S,,S,S,,,,,S,S,S,
VCPRRWR1C7,Escherichia Coli,Region III-Central Luzon,LOR-SAN ROQUE,Unknown,Unknown,NEG,R,S,,,,S,S,S,,S,,I,,,,,S,S,S,,S,S,I,,S,S,,S,,S,,S,S,,,,,S,S,R,
VCPRRWR3C8,Enterobacter Cloacae Complex,Region III-Central Luzon,LOR-SAN ROQUE,Unknown,Unknown,NEG,,R,,,,S,S,R,,S,,I,,,,,R,S,,,S,S,S,,S,I,,S,,S,,S,S,,,,,S,S,S,
VCPRRWR3C9,Vibrio Cholerae,Region III-Central Luzon,LOR-SAN ROQUE,Unknown,Unknown,NEG,S,,,,,,S,,,,,,,,,,,,,,,,,,,,,,,,,,,,,,,,R,R,
VCPRRWR3C16,Vibrio Cholerae,Region III-Central Luzon,LOR-SAN ROQUE,Unknown,Unknown,NEG,S,,,,,,S,,,,,,,,,,,,,,,,,,,,,,,,,,,,,,,,S,S,
VCPRRWR3C17,Vibrio Cholerae,Region III-Central Luzon,LOR-SAN ROQUE,Unknown,Unknown,NEG,S,,,,,,S,,,,,,,,,,,,,,,,,,,,,,,,,,,,,,,,S,S,
VCPRRWR3C18,Vibrio Cholerae,Region III-Central Luzon,LOR-SAN ROQUE,Unknown,Unknown,NEG,S,,,,,,S,,,,,,,,,,,,,,,,,,,,,,,,,,,,,,,,S,S,
VCPRRWR3C19,Vibrio Cholerae,Region III-Central Luzon,LOR-SAN ROQUE,Unknown,Unknown,NEG,S,,,,,,S,,,,,,,,,,,,,,,,,,,,,,,,,,,,,,,,S,S,
VCPRRWR3C20,Vibrio Cholerae,Region III-Central Luzon,LOR-SAN ROQUE,Unknown,Unknown,NEG,S,,,,,,S,,,,,,,,,,,,,,,,,,,,,,,,,,,,,,,,S,S,
VCPRRWR3C21,Vibrio Cholerae,Region III-Central Luzon,LOR-SAN ROQUE,Unknown,Unknown,NEG,S,,,,,,S,,,,,,,,,,,,,,,,,,,,,,,,,,,,,,,,S,S,
VCPRFTR1C5,Escherichia Coli,Region III-Central Luzon,LOR-SAN ROQUE,Unknown,Unknown,NEG,R,S,,,,S,S,S,,R,,I,,,,,R,S,S,,S,S,S,,I,S,,S,,S,,S,S,,,,,S,S,S,
VCPRFTR1C6,Escherichia Coli,Region III-Central Luzon,LOR-SAN ROQUE,Unknown,Unknown,NEG,R,S,,,,S,S,S,,S,,I,,,,,R,S,S,,S,S,I,,I,S,,S,,S,,S,S,,,,,S,S,R,
VCPRFTR1C7,Escherichia Coli,Region III-Central Luzon,LOR-SAN ROQUE,Unknown,Unknown,NEG,R,S,,,,S,S,S,,S,,I,,,,,R,S,S,,S,S,S,,S,S,,S,,S,,S,S,,,,,S,S,S,
VCPRFTR1C9,Escherichia Coli,Region III-Central Luzon,LOR-SAN ROQUE,Unknown,Unknown,NEG,R,S,,,,S,S,S,,S,,I,,,,,R,S,S,,S,S,S,,I,S,,S,,S,,S,S,,,,,S,S,S,
VCPRFTR1C10,Escherichia Coli,Region III-Central Luzon,LOR-SAN ROQUE,Unknown,Unknown,NEG,R,S,,,,S,S,S,,S,,I,,,,,R,S,S,,S,S,S,,S,S,,S,,S,,S,S,,,,,S,S,S,
EC_MKDWR1C1,Enterobacter Cloacae Complex,BARMM Region,LOR-TUCA KIALDAN,Unknown,Unknown,,,R,,,,S,S,R,,S,,S,,,,,R,S,,,S,S,S,,S,S,,S,,S,,S,S,,,,,S,S,S,
EC_MKDWR1C3,Klebsiella Pneumoniae Ssp Pneumoniae,BARMM Region,LOR-TUCA KIALDAN,Unknown,Unknown,NEG,R,S,,,,S,S,S,,S,,S,,,,,S,S,S,,S,S,S,,S,S,,S,,S,,S,S,,,,,S,S,S,
EC_MKDWR1C7,Escherichia Coli,BARMM Region,LOR-TUCA KIALDAN,Unknown,Unknown,NEG,R,S,,,,S,S,S,,S,,S,,,,,S,S,S,,S,S,R,,S,S,,S,,S,,S,S,,,,,S,S,R,
EC_MKDWR2C3,Escherichia Coli,BARMM Region,LOR-TUCA KIALDAN,Unknown,Unknown,NEG,R,S,,,,S,S,S,,S,,S,,,,,S,S,,,S,S,R,,S,S,,S,,S,,S,S,,,,,S,R,R,
EC_MKDWR2C4,Klebsiella Pneumoniae Ssp Pneumoniae,BARMM Region,LOR-TUCA KIALDAN,Unknown,Unknown,NEG,R,S,,,,S,S,I,,S,,S,,,,,S,S,S,,,S,S,,S,S,,S,,S,,S,S,,,,,S,R,S,
EC_MKDWR2C8,Escherichia Coli,BARMM Region,LOR-TUCA KIALDAN,Unknown,Unknown,NEG,S,S,,,,S,S,S,,S,,S,,,,,S,S,S,,S,S,S,,S,S,,S,,S,,S,S,,,,,S,S,S,
EC_MKDWR2C9,Escherichia Coli,BARMM Region,LOR-TUCA KIALDAN,Unknown,Unknown,NEG,R,S,,,,S,S,S,,S,,S,,,,,S,S,S,,S,S,R,,S,S,,S,,S,,S,S,,,,,S,S,R,
EC_MKDWR2C10,Escherichia Coli,BARMM Region,LOR-TUCA KIALDAN,Unknown,Unknown,NEG,R,S,,,,S,S,S,,S,,S,,,,,S,S,S,,S,S,R,,S,S,,S,,S,,S,S,,,,,S,R,R,
EC_MKDWR3C1,Klebsiella Pneumoniae Ssp Pneumoniae,BARMM Region,LOR-TUCA KIALDAN,Unknown,Unknown,POS,R,S,,,,S,S,R,,R,,R,,,,,R,R,R,,,S,S,,I,I,,S,,S,,S,S,,,,,S,R,S,
EC_MKDWR3C2,Escherichia Coli,BARMM Region,LOR-TUCA KIALDAN,Unknown,Unknown,NEG,S,S,,,,S,S,I,,S,,S,,,,,S,S,S,,S,S,S,,S,S,,S,,S,,S,S,,,,,S,S,S,
EC_MKDWR3C4,Escherichia Coli,BARMM Region,LOR-TUCA KIALDAN,Unknown,Unknown,NEG,S,S,,,,S,S,S,,S,,S,,,,,S,S,S,,S,S,S,,S,S,,S,,S,,S,S,,,,,S,S,S,
EC_MKDWR3C6,Klebsiella Pneumoniae Ssp Pneumoniae,BARMM Region,LOR-TUCA KIALDAN,Unknown,Unknown,NEG,R,S,,,,S,S,S,,S,,S,,,,,S,S,S,,S,S,S,,S,S,,S,,S,,S,S,,,,,S,S,S,
EC_MKDWR3C8,Klebsiella Pneumoniae Ssp Ozaenae,BARMM Region,LOR-TUCA KIALDAN,Unknown,Unknown,NEG,R,S,,,,S,S,S,,S,,S,,,,,S,S,S,,S,S,S,,S,S,,S,,S,,S,S,,,,,S,S,S,
EC_MKDWR3C9,Klebsiella Pneumoniae Ssp Pneumoniae,BARMM Region,LOR-TUCA KIALDAN,Unknown,Unknown,NEG,R,S,,,,S,S,S,,S,,S,,,,,S,S,S,,S,S,S,,S,S,,S,,S,,S,S,,,,,S,S,S,
SAL_MKDWR1C1,Enterobacter Cloacae Complex,BARMM Region,LOR-TUCA KIALDAN,Unknown,Unknown,,,R,,,,S,S,R,,S,,S,,,,,R,S,,,S,S,S,,S,S,,S,,S,,S,S,,,,,S,S,S,
SAL_MKDWR2C2,Klebsiella Pneumoniae Ssp Pneumoniae,BARMM Region,LOR-TUCA KIALDAN,Unknown,Unknown,NEG,R,S,,,,S,S,S,,S,,S,,,,,S,S,,,,S,R,,S,S,,S,,S,,S,S,,,,,S,S,R,
SAL_MKDWR3C4,Enterobacter Aerogenes,BARMM Region,LOR-TUCA KIALDAN,Unknown,Unknown,,,R,,,,S,S,R,,S,,S,,,,,R,S,S,,S,S,S,,S,S,,S,,S,,S,S,,,,,S,S,S,
SG_MKDWR1C1,Escherichia Coli,BARMM Region,LOR-TUCA KIALDAN,Unknown,Unknown,NEG,S,S,,,,S,S,S,,S,,S,,,,,S,S,S,,S,S,S,,S,S,,S,,S,,S,S,,,,,S,S,S,
VC_MKDWR1C1,Enterobacter Cloacae Complex,BARMM Region,LOR-TUCA KIALDAN,Unknown,Unknown,,,R,,,,S,I,R,,S,,S,,,,,R,S,,,,S,S,,S,R,,S,,S,,S,S,,,,,S,S,S,
VC_MKDWR1C2,Enterobacter Cloacae Complex,BARMM Region,LOR-TUCA KIALDAN,Unknown,Unknown,,,R,,,,S,I,R,,I,,S,,,,,R,S,,,,S,S,,S,I,,S,,S,,S,S,,,,,S,S,S,
VC_MKDWR1C3,Enterobacter Cloacae Complex,BARMM Region,LOR-TUCA KIALDAN,Unknown,Unknown,,,R,,,,S,I,R,,S,,S,,,,,R,S,,,,S,S,,S,R,,S,,S,,S,S,,,,,S,S,S,
VC_MKDWR1C5,Enterobacter Cloacae Complex,BARMM Region,LOR-TUCA KIALDAN,Unknown,Unknown,,,R,,,,S,I,R,,S,,S,,,,,R,S,,,,S,S,,S,R,,S,,S,,S,S,,,,,S,S,S,
VC_MKDWR1C6,Klebsiella Pneumoniae Ssp Pneumoniae,BARMM Region,LOR-TUCA KIALDAN,Unknown,Unknown,NEG,R,S,,,,S,S,S,,S,,S,,,,,S,S,S,,S,S,S,,S,I,,S,,S,,S,S,,,,,S,S,S,
VC_MKDWR2C1,Enterobacter Cloacae Complex,BARMM Region,LOR-TUCA KIALDAN,Unknown,Unknown,,,R,,,,S,S,R,,I,,S,,,,,R,S,,,S,S,S,,S,I,,S,,S,,S,S,,,,,S,S,S,
VC_MKDWR2C2,Enterobacter Cloacae Complex,BARMM Region,LOR-TUCA KIALDAN,Unknown,Unknown,,,R,,,,S,I,R,,R,,S,,,,,R,S,,,,S,S,,S,R,,S,,S,,S,S,,,,,S,S,S,
VC_MKDWR3C2,Enterobacter Cloacae Complex,BARMM Region,LOR-TUCA KIALDAN,Unknown,Unknown,,,R,,,,S,I,R,,S,,S,,,,,R,S,,,S,S,S,,S,I,,S,,S,,S,S,,,,,S,S,S,
VC_MKDWR3C3,Enterobacter Cloacae Complex,BARMM Region,LOR-TUCA KIALDAN,Unknown,Unknown,,,R,,,,S,I,R,,S,,S,,,,,R,S,,,,S,R,,S,R,,S,,S,,S,S,,,,,S,S,R,
EC_MKLWR1C6,Klebsiella Pneumoniae Ssp Pneumoniae,BARMM Region,LOR-TUCA KIALDAN,Unknown,Unknown,NEG,R,S,,,,S,S,S,,S,,S,,,,,S,S,S,,S,S,I,,S,S,,S,,S,,S,S,,,,,S,S,R,
EC_MKLWR2C1,Enterobacter Cloacae Complex,BARMM Region,LOR-TUCA KIALDAN,Unknown,Unknown,,,R,,,,S,S,R,,S,,S,,,,,R,S,,,S,S,S,,S,I,,S,,S,,S,S,,,,,S,S,S,
EC_MKLWR2C3,Escherichia Coli,BARMM Region,LOR-TUCA KIALDAN,Unknown,Unknown,NEG,S,S,,,,S,S,S,,S,,S,,,,,S,S,S,,S,S,S,,S,S,,S,,S,,S,S,,,,,S,S,S,
EC_MKLWR2C4,Escherichia Coli,BARMM Region,LOR-TUCA KIALDAN,Unknown,Unknown,NEG,S,S,,,,S,S,S,,S,,S,,,,,S,S,S,,S,S,S,,S,S,,S,,S,,S,S,,,,,S,S,S,
EC_MKLWR2C5,Klebsiella Pneumoniae Ssp Pneumoniae,BARMM Region,LOR-TUCA KIALDAN,Unknown,Unknown,NEG,R,R,,,,S,S,R,,R,,R,,,,,R,R,,,,S,R,,I,I,,S,,S,,S,S,,,,,I,R,R,
EC_MKLWR2C6,Klebsiella Pneumoniae Ssp Pneumoniae,BARMM Region,LOR-TUCA KIALDAN,Unknown,Unknown,NEG,R,R,,,,S,S,R,,R,,R,,,,,R,R,,,,S,R,,I,I,,S,,S,,S,S,,,,,I,R,R,
EC_MKLWR3C4,Escherichia Coli,BARMM Region,LOR-TUCA KIALDAN,Unknown,Unknown,NEG,S,S,,,,S,S,S,,S,,S,,,,,S,S,S,,S,S,R,,S,S,,S,,S,,S,S,,,,,S,S,R,
EC_MKLWR3C8,Enterobacter Cloacae Complex,BARMM Region,LOR-TUCA KIALDAN,Unknown,Unknown,,,R,,,,S,S,R,,S,,S,,,,,R,S,,,S,S,S,,S,I,,S,,S,,S,S,,,,,S,S,S,
SAL_MKLWR1C4,Pseudomonas Aeruginosa,BARMM Region,LOR-TUCA KIALDAN,Unknown,Unknown,,,,,,,S,,,,R,,R,,,,,,,,,R,,,,S,,,S,,S,,S,,,,,,,,,
SG_MKLWR1C4,Vibrio Cholarae,BARMM Region,LOR-TUCA KIALDAN,Unknown,Unknown,,R,S,,,,S,S,,,S,,S,,,,,,,,,,,S,,S,,,S,,S,,S,,,,,,,S,S,
VC_MKLWR1C11,Vibrio Cholerae,BARMM Region,LOR-TUCA KIALDAN,Unknown,Unknown,,R,S,,,,S,S,,,S,,S,,,,,,,,,,,S,,S,S,,S,,S,,S,,,,,,,S,S,
VC_MKLWR2C5,Escherichia Coli,BARMM Region,LOR-TUCA KIALDAN,Unknown,Unknown,POS,I,S,,,,S,S,S,,S,,R,,,,,S,R,,,,,S,,S,S,,S,,S,,S,S,,,,,S,,S,
VC_MKLWR3C1,Enterobacter Cloacae Complex,BARMM Region,LOR-TUCA KIALDAN,Unknown,Unknown,,,R,,,,S,I,R,,S,,S,,,,,R,S,,,S,S,S,,S,R,,S,,S,,S,S,,,,,S,S,S,
VC_MKLWR3C2,Enterobacter Cloacae Complex,BARMM Region,LOR-TUCA KIALDAN,Unknown,Unknown,,,R,,,,S,S,R,,I,,S,,,,,R,S,,,,S,S,,S,R,,S,,S,,S,S,,,,,S,S,S,
VC_MKLWR3C3,Vibrio Vulnificus,BARMM Region,LOR-TUCA KIALDAN,Unknown,Unknown,,,R,,,,S,I,R,,S,,S,,,,,R,S,,,,S,R,,S,R,,S,,S,,S,S,,,,,S,S,R,
EC_MKFTR1C1,Escherichia Coli,BARMM Region,LOR-TUCA KIALDAN,Unknown,Unknown,NEG,I,S,,,,S,S,S,,S,,S,,,,,S,S,S,,S,S,S,,S,I,,S,,S,,S,S,,,,,S,S,S,
EC_MKFTR1C2,Enterobacter Cloacae Complex,BARMM Region,LOR-TUCA KIALDAN,Unknown,Unknown,,,R,,,,S,S,R,,S,,S,,,,,R,S,,,S,S,S,,S,S,,S,,S,,S,S,,,,,S,S,S,
EC_MKFTR1C9,Escherichia Coli,BARMM Region,LOR-TUCA KIALDAN,Unknown,Unknown,NEG,R,S,,,,S,S,I,,S,,S,,,,,S,S,S,,S,S,I,,I,S,,S,,S,,S,S,,,,,S,S,R,
EC_MKFTR1C11,Klebsiella Pneumoniae Ssp Pneumoniae,BARMM Region,LOR-TUCA KIALDAN,Unknown,Unknown,NEG,R,S,,,,S,S,S,,S,,S,,,,,S,S,S,,,S,R,,S,S,,S,,S,,S,S,,,,,S,R,R,
EC_MKFTR1C12,Escherichia Coli,BARMM Region,LOR-TUCA KIALDAN,Unknown,Unknown,NEG,S,S,,,,S,S,S,,S,,S,,,,,S,S,S,,S,S,S,,S,S,,S,,S,,S,S,,,,,S,S,S,
EC_MKFTR1C13,Klebsiella Pneumoniae Ssp Pneumoniae,BARMM Region,LOR-TUCA KIALDAN,Unknown,Unknown,POS,R,S,,,,S,S,R,,I,,I,,,,,R,S,,,,,S,,S,S,,S,,S,,S,S,,,,,S,S,S,
EC_MKFTR1C15,Klebsiella Pneumoniae Ssp Pneumoniae,BARMM Region,LOR-TUCA KIALDAN,Unknown,Unknown,NEG,R,I,,,,S,S,R,,S,,S,,,,,R,S,S,,,S,R,,S,I,,S,,S,,S,S,,,,,S,S,R,
EC_MKFTR1C16,Klebsiella Pneumoniae Ssp Pneumoniae,BARMM Region,LOR-TUCA KIALDAN,Unknown,Unknown,NEG,R,S,,,,S,S,S,,S,,S,,,,,S,S,S,,S,S,S,,S,S,,S,,S,,S,S,,,,,S,S,S,
EC_MKFTR2C1,Escherichia Coli,BARMM Region,LOR-TUCA KIALDAN,Unknown,Unknown,NEG,S,S,,,,S,S,I,,S,,S,,,,,S,S,S,,S,S,R,,S,S,,S,,S,,S,S,,,,,S,S,R,
EC_MKFTR2C2,Escherichia Coli,BARMM Region,LOR-TUCA KIALDAN,Unknown,Unknown,NEG,S,S,,,,S,S,I,,S,,S,,,,,S,S,S,,S,S,R,,S,S,,S,,S,,S,S,,,,,S,S,R,
EC_MKFTR2C3,Escherichia Coli,BARMM Region,LOR-TUCA KIALDAN,Unknown,Unknown,NEG,R,S,,,,S,S,I,,S,,S,,,,,S,S,S,,S,S,R,,S,S,,S,,S,,S,S,,,,,S,R,R,
EC_MKFTR2C4,Escherichia Coli,BARMM Region,LOR-TUCA KIALDAN,Unknown,Unknown,NEG,R,S,,,,S,S,S,,S,,S,,,,,S,S,S,,S,S,S,,S,I,,S,,S,,S,S,,,,,S,S,S,
EC_MKFTR2C5,Klebsiella Pneumoniae Ssp Pneumoniae,BARMM Region,LOR-TUCA KIALDAN,Unknown,Unknown,NEG,R,S,,,,S,S,S,,S,,S,,,,,S,S,S,,S,S,S,,S,S,,S,,S,,S,S,,,,,S,S,S,
EC_MKFTR2C7,Klebsiella Pneumoniae Ssp Pneumoniae,BARMM Region,LOR-TUCA KIALDAN,Unknown,Unknown,NEG,R,S,,,,S,S,S,,S,,S,,,,,S,S,S,,,S,R,,S,S,,S,,S,,S,S,,,,,S,R,R,
EC_MKFTR2C8,Klebsiella Pneumoniae Ssp Pneumoniae,BARMM Region,LOR-TUCA KIALDAN,Unknown,Unknown,NEG,R,S,,,,S,S,S,,S,,S,,,,,S,S,S,,S,S,S,,S,S,,S,,S,,S,S,,,,,S,S,S,
EC_MKFTR2C15,Klebsiella Pneumoniae Ssp Pneumoniae,BARMM Region,LOR-TUCA KIALDAN,Unknown,Unknown,NEG,R,S,,,,S,S,S,,S,,S,,,,,S,S,S,,S,S,R,,S,S,,S,,S,,S,S,,,,,S,R,R,
EC_MKFTR2C16,Klebsiella Pneumoniae Ssp Pneumoniae,BARMM Region,LOR-TUCA KIALDAN,Unknown,Unknown,NEG,R,S,,,,S,S,S,,S,,S,,,,,S,S,S,,S,S,S,,S,S,,S,,S,,S,S,,,,,S,S,S,
EC_MKFTR3C1,Escherichia Coli,BARMM Region,LOR-TUCA KIALDAN,Unknown,Unknown,NEG,S,S,,,,S,S,I,,S,,S,,,,,S,S,S,,S,S,R,,S,S,,S,,S,,S,S,,,,,S,S,R,
EC_MKFTR3C2,Klebsiella Pneumoniae Ssp Pneumoniae,BARMM Region,LOR-TUCA KIALDAN,Unknown,Unknown,NEG,R,S,,,,S,S,S,,S,,S,,,,,S,S,S,,S,S,S,,S,I,,S,,S,,S,S,,,,,S,S,S,
EC_MKFTR3C3,Enterobacter Cloacae Complex,BARMM Region,LOR-TUCA KIALDAN,Unknown,Unknown,,,R,,,,S,S,R,,S,,S,,,,,R,S,,,S,S,S,,S,S,,S,,S,,S,S,,,,,S,S,S,
EC_MKFTR3C4,Klebsiella Pneumoniae Ssp Pneumoniae,BARMM Region,LOR-TUCA KIALDAN,Unknown,Unknown,NEG,R,S,,,,S,S,S,,S,,S,,,,,S,S,S,,,S,S,,S,I,,S,,S,,S,S,,,,,S,S,S,
EC_MKFTR3C5,Klebsiella Pneumoniae Ssp Pneumoniae,BARMM Region,LOR-TUCA KIALDAN,Unknown,Unknown,NEG,R,S,,,,S,S,S,,S,,S,,,,,S,S,S,,S,S,S,,S,I,,S,,S,,S,S,,,,,S,S,S,
EC_MKFTR3C7,Klebsiella Pneumoniae Ssp Pneumoniae,BARMM Region,LOR-TUCA KIALDAN,Unknown,Unknown,NEG,R,S,,,,S,S,S,,S,,S,,,,,S,S,S,,S,S,S,,S,I,,S,,S,,S,S,,,,,S,S,S,
EC_MKFTR3C8,Klebsiella Pneumoniae Ssp Pneumoniae,BARMM Region,LOR-TUCA KIALDAN,Unknown,Unknown,NEG,R,S,,,,S,S,S,,S,,S,,,,,S,S,S,,S,S,S,,S,S,,S,,S,,S,S,,,,,S,S,S,
EC_MKFTR3C9,Klebsiella Pneumoniae Ssp Pneumoniae,BARMM Region,LOR-TUCA KIALDAN,Unknown,Unknown,NEG,R,S,,,,S,S,S,,S,,S,,,,,S,S,S,,S,S,S,,S,S,,S,,S,,S,S,,,,,S,S,S,
EC_MKFTR3C13,Klebsiella Pneumoniae Ssp Pneumoniae,BARMM Region,LOR-TUCA KIALDAN,Unknown,Unknown,NEG,R,S,,,,S,S,S,,S,,S,,,,,S,S,S,,S,S,R,,S,S,,S,,S,,S,S,,,,,S,R,R,
EC_MKFTR3C14,Klebsiella Pneumoniae Ssp Pneumoniae,BARMM Region,LOR-TUCA KIALDAN,Unknown,Unknown,NEG,R,S,,,,S,S,S,,S,,S,,,,,S,S,S,,S,S,S,,S,S,,S,,S,,S,S,,,,,S,S,S,
SAL_MKFTR1C1,Klebsiella Pneumoniae Ssp Pneumoniae,BARMM Region,LOR-TUCA KIALDAN,Unknown,Unknown,NEG,R,S,,,,S,S,S,,S,,S,,,,,S,S,S,,S,S,S,,S,S,,S,,S,,S,S,,,,,S,S,S,
SG_MKFTR3C2,Escherichia Coli,BARMM Region,LOR-TUCA KIALDAN,Unknown,Unknown,NEG,R,S,,,,S,S,R,,S,,S,,,,,S,S,S,,S,S,S,,S,S,,S,,S,,S,S,,,,,S,S,S,
EC_MKFKR1C2,Escherichia Coli,BARMM Region,LOR-TUCA KIALDAN,Unknown,Unknown,NEG,S,S,,,,S,S,S,,S,,S,,,,,S,S,S,,S,S,R,,S,S,,S,,S,,S,S,,,,,S,S,R,
EC_MKFKR1C3,Escherichia Coli,BARMM Region,LOR-TUCA KIALDAN,Unknown,Unknown,NEG,S,S,,,,S,S,S,,S,,S,,,,,S,S,S,,S,S,R,,S,S,,S,,S,,S,S,,,,,S,S,R,
EC_MKFKR1C4,Enterobacter Cloacae Complex,BARMM Region,LOR-TUCA KIALDAN,Unknown,Unknown,,,R,,,,S,S,R,,S,,S,,,,,R,S,,,S,S,R,,S,I,,S,,S,,S,S,,,,,S,S,R,
EC_MKFKR1C6,Escherichia Coli,BARMM Region,LOR-TUCA KIALDAN,Unknown,Unknown,NEG,S,S,,,,,S,S,,S,,S,,,,,S,S,S,,S,S,R,,S,S,,S,,S,,S,S,,,,,S,S,R,
EC_MKFKR1C7,Klebsiella Pneumoniae Ssp Pneumoniae,BARMM Region,LOR-TUCA KIALDAN,Unknown,Unknown,NEG,R,S,,,,S,S,S,,S,,S,,,,,S,S,S,,S,S,I,,S,R,,S,,S,,S,S,,,,,S,S,R,
EC_MKFKR1C8,Escherichia Coli,BARMM Region,LOR-TUCA KIALDAN,Unknown,Unknown,NEG,S,S,,,,S,S,S,,S,,S,,,,,S,S,S,,S,S,R,,S,S,,S,,S,,S,S,,,,,S,S,R,
EC_MKFKR1C9,Enterobacter Cloacae Complex,BARMM Region,LOR-TUCA KIALDAN,Unknown,Unknown,,,R,,,,S,S,R,,I,,S,,,,,R,S,,,,S,S,,S,S,,S,,S,,S,S,,,,,S,S,S,
EC_MKFKR1C11,Klebsiella Pneumoniae Ssp Pneumoniae,BARMM Region,LOR-TUCA KIALDAN,Unknown,Unknown,NEG,R,R,,,,S,S,S,,S,,S,,,,,S,S,S,,S,S,,,,I,,S,,S,,,S,,,,,S,S,S,
EC_MKFKR1C15,Klebsiella Pneumoniae Ssp Pneumoniae,BARMM Region,LOR-TUCA KIALDAN,Unknown,Unknown,NEG,R,S,,,,S,S,S,,S,,S,,,,,S,S,S,,S,S,S,,S,S,,S,,S,,S,S,,,,,S,S,S,
EC_MKFKR1C16,Klebsiella Pneumoniae Ssp Pneumoniae,BARMM Region,LOR-TUCA KIALDAN,Unknown,Unknown,NEG,R,S,,,,S,S,S,,S,,S,,,,,S,S,S,,S,S,I,,S,I,,S,,S,,S,S,,,,,S,S,R,
EC_MKFKR2C1,Escherichia Coli,BARMM Region,LOR-TUCA KIALDAN,Unknown,Unknown,NEG,S,S,,,,S,S,S,,S,,S,,,,,S,S,S,,S,S,R,,S,S,,S,,S,,S,S,,,,,S,S,R,
EC_MKFKR2C2,Klebsiella Pneumoniae Ssp Pneumoniae,BARMM Region,LOR-TUCA KIALDAN,Unknown,Unknown,NEG,R,S,,,,S,S,S,,S,,S,,,,,S,S,S,,S,S,S,,S,I,,S,,S,,S,S,,,,,S,S,S,
EC_MKFKR2C3,Klebsiella Pneumoniae Ssp Pneumoniae,BARMM Region,LOR-TUCA KIALDAN,Unknown,Unknown,NEG,R,S,,,,S,S,S,,S,,S,,,,,S,S,S,,S,S,S,,S,S,,S,,S,,S,S,,,,,S,S,S,
EC_MKFKR2C4,Enterobacter Cloacae Complex,BARMM Region,LOR-TUCA KIALDAN,Unknown,Unknown,,,S,,,,S,S,S,,S,,S,,,,,S,S,,,,,S,,S,S,,S,,S,,S,S,,,,,S,S,S,
EC_MKFKR2C6,Klebsiella Pneumoniae Ssp Pneumoniae,BARMM Region,LOR-TUCA KIALDAN,Unknown,Unknown,NEG,R,S,,,,S,S,S,,S,,S,,,,,S,S,S,,S,S,S,,S,I,,S,,S,,S,S,,,,,S,S,S,
EC_MKFKR2C11,Enterobacter Aerogenes,BARMM Region,LOR-TUCA KIALDAN,Unknown,Unknown,,,S,,,,S,S,S,,S,,S,,,,,S,S,,,,,S,,S,I,,S,,S,,S,S,,,,,S,S,S,
EC_MKFKR2C13,Klebsiella Pneumoniae Ssp Pneumoniae,BARMM Region,LOR-TUCA KIALDAN,Unknown,Unknown,NEG,R,S,,,,S,S,R,,S,,S,,,,,R,S,S,,S,S,R,,S,I,,S,,S,,S,S,,,,,S,S,R,
EC_MKFKR2C14,Klebsiella Pneumoniae Ssp Pneumoniae,BARMM Region,LOR-TUCA KIALDAN,Unknown,Unknown,NEG,R,S,,,,S,S,S,,S,,S,,,,,S,S,S,,S,S,S,,S,S,,S,,S,,S,S,,,,,S,S,S,
EC_MKFKR2C15,Escherichia Coli,BARMM Region,LOR-TUCA KIALDAN,Unknown,Unknown,NEG,S,S,,,,S,S,S,,S,,S,,,,,S,S,S,,S,S,R,,S,S,,S,,S,,S,S,,,,,S,S,R,
EC_MKFKR3C2,Escherichia Coli,BARMM Region,LOR-TUCA KIALDAN,Unknown,Unknown,NEG,S,S,,,,S,S,S,,S,,S,,,,,S,S,S,,S,S,R,,S,S,,S,,S,,S,S,,,,,S,S,R,
EC_MKFKR3C3,Enterobacter Cloacae Complex,BARMM Region,LOR-TUCA KIALDAN,Unknown,Unknown,,,R,,,,S,S,R,,S,,S,,,,,R,S,,,S,S,R,,S,S,,S,,S,,S,S,,,,,S,S,R,
EC_MKFKR3C4,Enterobacter Cloacae Complex,BARMM Region,LOR-TUCA KIALDAN,Unknown,Unknown,,,R,,,,S,S,R,,S,,S,,,,,R,S,,,S,S,R,,S,S,,S,,S,,S,S,,,,,S,S,R,
EC_MKFKR3C7,Enterobacter Aerogenes,BARMM Region,LOR-TUCA KIALDAN,Unknown,Unknown,,,R,,,,S,S,R,,S,,S,,,,,R,S,S,,S,S,S,,S,I,,S,,S,,S,S,,,,,S,S,S,
EC_MKFKR3C10,Klebsiella Pneumoniae Ssp Pneumoniae,BARMM Region,LOR-TUCA KIALDAN,Unknown,Unknown,NEG,R,S,,,,S,S,S,,S,,S,,,,,S,S,S,,S,S,S,,S,S,,S,,S,,S,S,,,,,S,S,S,
EC_MKFKR3C11,Enterobacter Aerogenes,BARMM Region,LOR-TUCA KIALDAN,Unknown,Unknown,,,S,,,,S,S,S,,S,,S,,,,,S,S,,,,S,S,,S,I,,S,,S,,S,S,,,,,S,S,S,
EC_MKFKR3C13,Klebsiella Pneumoniae Ssp Pneumoniae,BARMM Region,LOR-TUCA KIALDAN,Unknown,Unknown,NEG,R,S,,,,S,S,S,,S,,S,,,,,R,S,S,,S,S,S,,S,S,,S,,S,,S,S,,,,,S,S,S,
SAL_MKFKR2C1,Escherichia Coli,BARMM Region,LOR-TUCA KIALDAN,Unknown,Unknown,NEG,S,S,,,,S,I,I,,S,,S,,,,,S,S,S,,S,S,S,,S,S,,S,,S,,S,S,,,,,S,S,S,
SAL_MKFKR2C3,Escherichia Coli,BARMM Region,LOR-TUCA KIALDAN,Unknown,Unknown,NEG,S,S,,,,S,S,S,,S,,S,,,,,S,S,S,,S,S,S,,S,S,,S,,S,,S,S,,,,,S,S,S,
EC_PGDWR1C2,Enterobacter Cloacae Complex,Region III-Central Luzon,LOR-SAN GABRIEL,Unknown,Unknown,,,R,,,,S,S,R,,S,,S,,,,,R,S,,,S,S,S,,S,I,,S,,S,,S,S,,,,,S,S,S,
EC_PGDWR1C3,Enterobacter Cloacae Complex,Region III-Central Luzon,LOR-SAN GABRIEL,Unknown,Unknown,,,R,,,,S,S,R,,S,,S,,,,,R,S,,,S,S,S,,S,S,,S,,S,,S,S,,,,,S,S,S,
EC_PGDWR2C1,Klebsiella Pneumoniae Ssp Pneumoniae,Region III-Central Luzon,LOR-SAN GABRIEL,Unknown,Unknown,NEG,R,S,,,,S,S,S,,S,,S,,,,,S,S,S,,S,S,S,,S,S,,S,,S,,S,S,,,,,S,S,S,
EC_PGDWR2C3,Klebsiella Pneumoniae Ssp Pneumoniae,Region III-Central Luzon,LOR-SAN GABRIEL,Unknown,Unknown,NEG,R,S,,,,S,S,S,,S,,S,,,,,S,S,S,,S,S,S,,S,S,,S,,S,,S,S,,,,,S,S,S,
EC_PGDWR2C4,Klebsiella Pneumoniae Ssp Pneumoniae,Region III-Central Luzon,LOR-SAN GABRIEL,Unknown,Unknown,NEG,R,S,,,,S,S,S,,S,,S,,,,,S,S,S,,S,S,S,,S,S,,S,,S,,S,S,,,,,S,S,S,
EC_PGDWR3C1,Klebsiella Pneumoniae Ssp Pneumoniae,Region III-Central Luzon,LOR-SAN GABRIEL,Unknown,Unknown,NEG,R,S,,,,S,S,S,,S,,S,,,,,S,S,S,,S,S,S,,S,S,,S,,S,,S,S,,,,,S,S,S,
EC_PGDWR3C4,Klebsiella Pneumoniae Ssp Pneumoniae,Region III-Central Luzon,LOR-SAN GABRIEL,Unknown,Unknown,NEG,R,S,,,,S,S,S,,S,,S,,,,,S,S,S,,S,S,S,,S,S,,S,,S,,S,S,,,,,S,S,S,
EC_PGRWR1C2,Enterobacter Cloacae Complex,Region III-Central Luzon,LOR-SAN GABRIEL,Unknown,Unknown,,,R,,,,S,S,R,,S,,S,,,,,R,S,,,S,S,S,,S,I,,S,,S,,S,S,,,,,S,S,S,
EC_PGRWR1C3,Enterobacter Aerogenes,Region III-Central Luzon,LOR-SAN GABRIEL,Unknown,Unknown,,,R,,,,S,S,R,,S,,S,,,,,R,S,S,,S,S,S,,S,S,,S,,S,,S,S,,,,,S,S,S,
EC_PGRWR1C4,Klebsiella Pneumoniae Ssp Pneumoniae,Region III-Central Luzon,LOR-SAN GABRIEL,Unknown,Unknown,NEG,R,S,,,,S,S,S,,S,,S,,,,,S,S,S,,S,S,S,,S,S,,S,,S,,S,S,,,,,S,S,S,
EC_PGRWR1C8,Enterobacter Cloacae Complex,Region III-Central Luzon,LOR-SAN GABRIEL,Unknown,Unknown,,,R,,,,S,S,R,,S,,S,,,,,R,S,,,,S,S,,S,I,,S,,S,,S,S,,,,,S,S,S,
EC_PGRWR2C5,Enterobacter Cloacae Complex,Region III-Central Luzon,LOR-SAN GABRIEL,Unknown,Unknown,,,R,,,,S,S,R,,S,,S,,,,,R,S,,,S,S,S,,S,I,,S,,S,,S,S,,,,,S,S,S,
EC_PGRWR2C6,Klebsiella Pneumoniae Ssp Pneumoniae,Region III-Central Luzon,LOR-SAN GABRIEL,Unknown,Unknown,NEG,R,S,,,,S,S,S,,S,,S,,,,,S,S,S,,S,S,S,,S,I,,S,,S,,S,S,,,,,S,S,S,
EC_PGRWR3C1,Klebsiella Pneumoniae Ssp Pneumoniae,Region III-Central Luzon,LOR-SAN GABRIEL,Unknown,Unknown,NEG,R,S,,,,S,S,S,,S,,S,,,,,S,S,S,,S,S,S,,S,S,,S,,S,,S,S,,,,,S,S,S,
EC_PGRWR3C2,Klebsiella Pneumoniae Ssp Pneumoniae,Region III-Central Luzon,LOR-SAN GABRIEL,Unknown,Unknown,NEG,R,S,,,,S,S,S,,S,,S,,,,,S,S,S,,S,S,S,,S,I,,S,,S,,S,S,,,,,S,S,S,
EC_PGFTR1C2,Enterobacter Aerogenes,Region III-Central Luzon,LOR-SAN GABRIEL,Unknown,Unknown,,,R,,,,S,S,R,,I,,S,,,,,R,S,S,,S,S,S,,S,I,,S,,S,,S,S,,,,,S,S,S,
EC_PGFTR1C6,Enterobacter Aerogenes,Region III-Central Luzon,LOR-SAN GABRIEL,Unknown,Unknown,,,R,,,,S,S,R,,S,,S,,,,,R,S,S,,S,S,S,,S,I,,S,,S,,S,S,,,,,S,S,S,
EC_PGFTR1C7,Enterobacter Aerogenes,Region III-Central Luzon,LOR-SAN GABRIEL,Unknown,Unknown,,,R,,,,S,S,R,,S,,S,,,,,R,S,S,,S,S,S,,S,I,,S,,S,,S,S,,,,,S,S,S,
EC_PGFTR1C11,Escherichia Coli,Region III-Central Luzon,LOR-SAN GABRIEL,Unknown,Unknown,NEG,R,S,,,,S,S,S,,S,,S,,,,,R,S,S,,S,S,R,,S,S,,S,,S,,S,S,,,,,S,S,R,
EC_PGFTR1C12,Enterobacter Aerogenes,Region III-Central Luzon,LOR-SAN GABRIEL,Unknown,Unknown,,,R,,,,S,S,R,,S,,S,,,,,R,S,S,,S,S,S,,S,I,,S,,S,,S,S,,,,,S,S,S,
EC_PGFTR1C15,Klebsiella Pneumoniae Ssp Pneumoniae,Region III-Central Luzon,LOR-SAN GABRIEL,Unknown,Unknown,NEG,R,S,,,,S,S,S,,S,,S,,,,,S,S,S,,S,S,S,,S,S,,S,,S,,S,S,,,,,S,S,S,
EC_PGFTR1C16,Enterobacter Aerogenes,Region III-Central Luzon,LOR-SAN GABRIEL,Unknown,Unknown,,,R,,,,S,S,R,,S,,S,,,,,R,S,S,,S,S,S,,S,I,,S,,S,,S,S,,,,,S,S,S,
EC_PGFTR2C1,Klebsiella Pneumoniae Ssp Pneumoniae,Region III-Central Luzon,LOR-SAN GABRIEL,Unknown,Unknown,NEG,R,S,,,,S,S,S,,S,,S,,,,,S,S,S,,S,S,S,,S,I,,S,,S,,S,S,,,,,S,S,S,
EC_PGFTR2C6,Klebsiella Pneumoniae Ssp Pneumoniae,Region III-Central Luzon,LOR-SAN GABRIEL,Unknown,Unknown,NEG,R,S,,,,S,S,S,,S,,S,,,,,S,S,S,,S,S,S,,S,S,,S,,S,,S,S,,,,,S,S,S,
EC_PGFTR3C5,Enterobacter Aerogenes,Region III-Central Luzon,LOR-SAN GABRIEL,Unknown,Unknown,,,R,,,,S,S,R,,S,,S,,,,,R,S,S,,S,S,S,,S,I,,S,,S,,S,S,,,,,S,S,S,
EC_PGFTR3C7,Enterobacter Aerogenes,Region III-Central Luzon,LOR-SAN GABRIEL,Unknown,Unknown,,,R,,,,S,S,R,,S,,S,,,,,R,S,S,,S,S,S,,S,I,,S,,S,,S,S,,,,,S,S,S,
EC_PGFTR3C12,Escherichia Coli,Region III-Central Luzon,LOR-SAN GABRIEL,Unknown,Unknown,NEG,S,S,,,,S,S,S,,R,,S,,,,,S,S,S,,S,S,S,,S,S,,S,,S,,S,S,,,,,S,S,S,
EC_PGFGR1C1,Escherichia Coli,Region III-Central Luzon,LOR-SAN GABRIEL,Unknown,Unknown,NEG,R,S,,,,S,S,I,,S,,S,,,,,S,S,S,,S,S,R,,S,I,,S,,S,,S,S,,,,,S,R,R,
EC_PGFGR1C3,Enterobacter Cloacae Complex,Region III-Central Luzon,LOR-SAN GABRIEL,Unknown,Unknown,,,R,,,,S,S,R,,S,,S,,,,,R,S,,,S,S,S,,S,I,,S,,S,,S,S,,,,,S,S,S,
EC_PGFGR1C5,Enterobacter Aerogenes,Region III-Central Luzon,LOR-SAN GABRIEL,Unknown,Unknown,,,R,,,,S,S,R,,I,,S,,,,,R,S,S,,S,S,S,,S,I,,S,,S,,S,S,,,,,S,S,S,
EC_PGFGR1C7,Enterobacter Cloacae Complex,Region III-Central Luzon,LOR-SAN GABRIEL,Unknown,Unknown,,,R,,,,S,S,R,,I,,S,,,,,R,S,,,S,S,S,,S,I,,S,,S,,S,S,,,,,S,S,S,
EC_PGFGR1C9,Klebsiella Pneumoniae Ssp Pneumoniae,Region III-Central Luzon,LOR-SAN GABRIEL,Unknown,Unknown,NEG,R,S,,,,S,S,S,,S,,S,,,,,S,S,S,,S,S,S,,S,I,,S,,S,,S,S,,,,,S,S,S,
EC_PGFGR1C10,Klebsiella Pneumoniae Ssp Pneumoniae,Region III-Central Luzon,LOR-SAN GABRIEL,Unknown,Unknown,NEG,R,S,,,,S,S,S,,S,,S,,,,,S,S,S,,S,S,S,,S,S,,S,,S,,S,S,,,,,S,S,S,
EC_PGFGR1C14,Escherichia Coli,Region III-Central Luzon,LOR-SAN GABRIEL,Unknown,Unknown,NEG,S,S,,,,S,S,S,,S,,S,,,,,S,S,S,,S,S,S,,S,S,,S,,S,,S,S,,,,,S,S,S,
EC_PGFGR1C16,Enterobacter Cloacae Complex,Region III-Central Luzon,LOR-SAN GABRIEL,Unknown,Unknown,,,R,,,,S,S,R,,S,,S,,,,,R,S,,,S,S,S,,S,S,,S,,S,,S,S,,,,,S,S,S,
EC_PGFGR1C17,Enterobacter Aerogenes,Region III-Central Luzon,LOR-SAN GABRIEL,Unknown,Unknown,,,R,,,,S,S,R,,S,,S,,,,,R,S,S,,S,S,S,,S,I,,S,,S,,S,S,,,,,S,S,S,
EC_PGFGR1C20,Enterobacter Cloacae Complex,Region III-Central Luzon,LOR-SAN GABRIEL,Unknown,Unknown,,,R,,,,S,S,R,,S,,S,,,,,R,S,,,S,S,S,,S,I,,S,,S,,S,S,,,,,S,S,S,
EC_PGFGR3C2,Klebsiella Pneumoniae Ssp Pneumoniae,Region III-Central Luzon,LOR-SAN GABRIEL,Unknown,Unknown,NEG,R,S,,,,S,S,S,,S,,S,,,,,S,S,S,,S,S,S,,S,S,,S,,S,,S,S,,,,,S,S,S,
EC_PGFGR3C3,Klebsiella Pneumoniae Ssp Pneumoniae,Region III-Central Luzon,LOR-SAN GABRIEL,Unknown,Unknown,NEG,R,S,,,,S,S,S,,S,,S,,,,,S,S,S,,S,S,S,,S,S,,S,,S,,S,S,,,,,S,S,S,
EC_PGFGR3C7,Enterobacter Cloacae Complex,Region III-Central Luzon,LOR-SAN GABRIEL,Unknown,Unknown,,,R,,,,S,S,R,,S,,S,,,,,R,S,,,S,S,S,,S,I,,S,,S,,S,S,,,,,S,S,S,
EC_PGFGR3C12,Klebsiella Pneumoniae Ssp Pneumoniae,Region III-Central Luzon,LOR-SAN GABRIEL,Unknown,Unknown,NEG,R,S,,,,S,S,S,,S,,S,,,,,S,S,S,,S,S,S,,S,I,,S,,S,,S,S,,,,,S,S,S,
EC_PGFGR3C15,Enterobacter Aerogenes,Region III-Central Luzon,LOR-SAN GABRIEL,Unknown,Unknown,,,R,,,,S,S,R,,S,,I,,,,,R,S,S,,S,S,S,,S,R,,S,,S,,S,S,,,,,S,S,S,
EC_PGFGR3C16,Enterobacter Cloacae Complex,Region III-Central Luzon,LOR-SAN GABRIEL,Unknown,Unknown,,,R,,,,S,S,R,,S,,I,,,,,R,S,S,,S,S,S,,S,I,,S,,S,,S,S,,,,,S,S,S,
SALPGDWR1C1,Escherichia Coli,Region III-Central Luzon,LOR-SAN GABRIEL,Unknown,Unknown,NEG,R,S,,,,S,R,S,,S,,S,,,,,R,S,S,,S,S,R,,I,S,,S,,S,,S,S,,,,,S,R,R,
SALPGDWR1C2,Escherichia Coli,Region III-Central Luzon,LOR-SAN GABRIEL,Unknown,Unknown,NEG,R,S,,,,S,R,S,,S,,R,,,,,R,S,S,,S,S,R,,R,S,,S,,S,,S,S,,,,,S,R,R,
SALPGDWR2C3,Escherichia Coli,Region III-Central Luzon,LOR-SAN GABRIEL,Unknown,Unknown,NEG,S,S,,,,S,R,S,,S,,R,,,,,S,S,S,,S,S,R,,I,S,,S,,S,,S,S,,,,,S,R,R,
SALPGDWR3C5,Escherichia Coli,Region III-Central Luzon,LOR-SAN GABRIEL,Unknown,Unknown,NEG,R,S,,,,S,R,S,,S,,R,,,,,R,S,S,,S,S,R,,I,S,,S,,S,,S,S,,,,,S,R,R,
SALPGDWR3C6,Escherichia Coli,Region III-Central Luzon,LOR-SAN GABRIEL,Unknown,Unknown,NEG,R,S,,,,S,R,S,,S,,R,,,,,R,S,S,,S,S,R,,I,S,,S,,S,,S,S,,,,,S,R,R,
SALPGRWR1C1,Escherichia Coli,Region III-Central Luzon,LOR-SAN GABRIEL,Unknown,Unknown,NEG,S,S,,,,S,R,S,,S,,S,,,,,S,S,S,,S,S,R,,I,S,,S,,S,,S,S,,,,,S,R,R,
SALPGRWR1C3,Salmonella Group,Region III-Central Luzon,LOR-SAN GABRIEL,Unknown,Unknown,,S,S,,,,R,S,R,,S,,S,,,,,R,S,S,,S,S,S,,S,S,,R,,S,,S,S,,,,,S,S,S,
SALPGRWR2C4,Escherichia Coli,Region III-Central Luzon,LOR-SAN GABRIEL,Unknown,Unknown,NEG,S,S,,,,S,R,S,,S,,S,,,,,S,S,S,,S,S,R,,I,S,,S,,S,,S,S,,,,,R,R,R,
SALPGRWR2C8,Escherichia Coli,Region III-Central Luzon,LOR-SAN GABRIEL,Unknown,Unknown,NEG,R,S,,,,S,R,S,,S,,S,,,,,R,S,S,,S,S,R,,I,S,,S,,S,,S,S,,,,,S,R,R,
SALPGRWR3C6,Salmonella Group,Region III-Central Luzon,LOR-SAN GABRIEL,Unknown,Unknown,,S,S,,,,R,S,R,,S,,S,,,,,R,S,S,,S,S,S,,S,S,,R,,S,,S,S,,,,,S,S,S,
SALPGRWR3C15,Escherichia Coli,Region III-Central Luzon,LOR-SAN GABRIEL,Unknown,Unknown,NEG,R,S,,,,S,R,S,,S,,R,,,,,R,S,S,,S,S,R,,I,S,,S,,S,,S,S,,,,,S,R,R,
SGPGRWR1C9,Escherichia Coli,Region III-Central Luzon,LOR-SAN GABRIEL,Unknown,Unknown,NEG,S,S,,,,S,R,S,,S,,S,,,,,S,S,S,,S,S,R,,I,S,,S,,S,,S,S,,,,,S,R,R,
SGPGRWR1C10,Salmonella Group,Region III-Central Luzon,LOR-SAN GABRIEL,Unknown,Unknown,,S,S,,,,R,S,R,,S,,S,,,,,R,S,S,,S,S,S,,S,S,,R,,S,,S,S,,,,,S,S,S,
SGPGRWR3C1,Salmonella Group,Region III-Central Luzon,LOR-SAN GABRIEL,Unknown,Unknown,,S,S,,,,R,S,R,,S,,S,,,,,R,S,S,,S,S,S,,S,S,,R,,S,,S,S,,,,,S,S,S,
SGPGRWR3C2,Escherichia Coli,Region III-Central Luzon,LOR-SAN GABRIEL,Unknown,Unknown,NEG,S,S,,,,S,R,S,,S,,R,,,,,R,S,S,,S,S,R,,I,S,,S,,S,,S,S,,,,,S,R,R,
SALPGFTR2C9,Salmonella Group,Region III-Central Luzon,LOR-SAN GABRIEL,Unknown,Unknown,,S,S,,,,R,S,R,,S,,S,,,,,R,S,S,,S,S,S,,S,S,,R,,S,,S,S,,,,,S,S,S,
SALPGFTR2C10,Escherichia Coli,Region III-Central Luzon,LOR-SAN GABRIEL,Unknown,Unknown,NEG,R,S,,,,S,R,S,,S,,R,,,,,R,S,S,,S,S,R,,I,S,,S,,S,,S,S,,,,,I,R,R,
SALPGFTR3C1,Salmonella Group,Region III-Central Luzon,LOR-SAN GABRIEL,Unknown,Unknown,,S,S,,,,R,S,R,,S,,S,,,,,R,S,S,,S,S,S,,S,S,,R,,S,,S,S,,,,,S,S,S,
SALPGFTR3C2,Salmonella Group,Region III-Central Luzon,LOR-SAN GABRIEL,Unknown,Unknown,,S,S,,,,R,S,R,,S,,S,,,,,R,S,S,,S,S,S,,S,S,,R,,S,,S,S,,,,,S,S,S,
SALPGFGR2C7,Escherichia Coli,Region III-Central Luzon,LOR-SAN GABRIEL,Unknown,Unknown,NEG,S,S,,,,S,R,S,,S,,I,,,,,S,S,S,,S,S,R,,I,S,,S,,S,,S,S,,,,,S,R,R,
SALPGFGR2C9,Salmonella Group,Region III-Central Luzon,LOR-SAN GABRIEL,Unknown,Unknown,,S,S,,,,R,S,R,,S,,S,,,,,R,S,S,,S,S,S,,S,S,,R,,S,,S,S,,,,,S,S,S,
SGPGFGR3C5,Escherichia Coli,Region III-Central Luzon,LOR-SAN GABRIEL,Unknown,Unknown,NEG,R,S,,,,S,S,S,,S,,S,,,,,R,S,S,,S,S,R,,S,S,,S,,S,,S,S,,,,,S,S,R,
SGPGFGR3C7,Escherichia Coli,Region III-Central Luzon,LOR-SAN GABRIEL,Unknown,Unknown,NEG,R,S,,,,S,R,S,,S,,I,,,,,R,S,S,,S,S,R,,I,S,,S,,S,,S,S,,,,,S,R,R,
SALPGFGR3C8,Escherichia Coli,Region III-Central Luzon,LOR-SAN GABRIEL,Unknown,Unknown,NEG,S,S,,,,S,R,S,,S,,S,,,,,S,S,S,,S,S,R,,I,S,,S,,S,,S,S,,,,,S,R,R,
SALPGFGR3C10,Escherichia Coli,Region III-Central Luzon,LOR-SAN GABRIEL,Unknown,Unknown,NEG,R,S,,,,S,R,S,,S,,R,,,,,R,S,S,,S,S,R,,I,S,,S,,S,,S,S,,,,,S,R,R,
VCPGRWR1C5,Escherichia Coli,Region III-Central Luzon,LOR-SAN GABRIEL,Unknown,Unknown,NEG,R,S,,,,S,S,S,,S,,I,,,,,R,S,S,,S,S,S,,S,S,,S,,S,,S,S,,,,,S,S,S,
VCPGRWR1C13,Escherichia Coli,Region III-Central Luzon,LOR-SAN GABRIEL,Unknown,Unknown,NEG,R,S,,,,S,S,S,,S,,I,,,,,R,S,S,,S,S,S,,S,S,,S,,S,,S,S,,,,,S,S,S,
VCPGRWR1C14,Klebsiella Pneumoniae Ssp Pneumoniae,Region III-Central Luzon,LOR-SAN GABRIEL,Unknown,Unknown,NEG,R,S,,,,S,S,S,,S,,I,,,,,S,S,S,,S,S,I,,I,S,,S,,S,,S,S,,,,,S,S,S,
VCPGRWR1C21,Vibrio Fluvialis,Region III-Central Luzon,LOR-SAN GABRIEL,Unknown,Unknown,NEG,S,,,,,,S,,,,,,,,,,,,,,,,,,,,,,,,,,,,,,,,R,R,
VCPGRWR1C22,Vibrio Cholerae,Region III-Central Luzon,LOR-SAN GABRIEL,Unknown,Unknown,NEG,S,,,,,,S,,,,,,,,,,,,,,,,,,,,,,,,,,,,,,,,R,R,
VCPGRWR1C23,Vibrio Cholerae,Region III-Central Luzon,LOR-SAN GABRIEL,Unknown,Unknown,NEG,S,,,,,,S,,,,,,,,,,,,,,,,,,,,,,,,,,,,,,,,R,R,
VCPGRWR2C15,Klebsiella Pneumoniae Ssp Pneumoniae,Region III-Central Luzon,LOR-SAN GABRIEL,Unknown,Unknown,NEG,R,S,,,,S,S,S,,S,,I,,,,,S,S,S,,S,S,I,,S,S,,S,,S,,S,S,,,,,S,S,R,
VCPGRWR3C13,Vibrio Fluvialis,Region III-Central Luzon,LOR-SAN GABRIEL,Unknown,Unknown,NEG,S,,,,,,S,,,,,,,,,,,,,,,,,,,,,,,,,,,,,,,,R,R,
VCPGFTR1C7,Escherichia Coli,Region III-Central Luzon,LOR-SAN GABRIEL,Unknown,Unknown,NEG,R,S,,,,S,S,S,,S,,S,,,,,R,S,S,,S,S,S,,S,S,,S,,S,,S,S,,,,,S,S,S,
VCPGFTR1C9,Escherichia Coli,Region III-Central Luzon,LOR-SAN GABRIEL,Unknown,Unknown,NEG,R,S,,,,S,I,S,,S,,S,,,,,R,S,S,,S,S,S,,S,S,,S,,S,,S,S,,,,,S,S,S,
VCPGFTR1C10,Escherichia Coli,Region III-Central Luzon,LOR-SAN GABRIEL,Unknown,Unknown,NEG,R,S,,,,S,S,S,,S,,I,,,,,R,S,S,,S,S,S,,S,S,,S,,S,,S,S,,,,,S,S,S,
VCPGFTR1C11,Escherichia Coli,Region III-Central Luzon,LOR-SAN GABRIEL,Unknown,Unknown,NEG,R,S,,,,S,I,S,,S,,I,,,,,R,S,S,,S,S,S,,S,S,,S,,S,,S,S,,,,,S,S,S,
VCPGFTR1C12,Escherichia Coli,Region III-Central Luzon,LOR-SAN GABRIEL,Unknown,Unknown,NEG,R,S,,,,S,I,S,,S,,S,,,,,R,S,S,,S,S,S,,S,S,,S,,S,,S,S,,,,,S,S,S,
SALOAEWUR2C2,Pseudomonas Aeruginosa,Region VIII-Eastern Visayas,LOR-OD HOSPITAL,Unknown,Unknown,,,,S,,,,,,R,,,,R,,,,,,,R,,,,,I,,S,,S,,S,,,,,,,,,,
EC_MAEWUR1C1,Escherichia Coli,BARMM Region,LOR-APMC,Unknown,Unknown,NEG,R,I,,,,S,S,S,,S,,S,,,,,S,S,S,,S,S,S,,S,S,,S,,S,,S,S,,,,,S,R,S,
EC_MAEWUR1C6,Escherichia Coli,BARMM Region,LOR-APMC,Unknown,Unknown,NEG,S,S,,,,S,S,S,,S,,S,,,,,S,S,S,,S,S,S,,S,S,,S,,S,,S,S,,,,,S,S,S,
EC_MAEWUR1C7,Klebsiella Pneumoniae Ssp Pneumoniae,BARMM Region,LOR-APMC,Unknown,Unknown,NEG,R,S,,,,S,S,S,,S,,S,,,,,S,S,S,,S,S,S,,S,S,,S,,S,,S,S,,,,,S,S,S,
EC_MAEWUR1C9,Escherichia Coli,BARMM Region,LOR-APMC,Unknown,Unknown,NEG,R,S,,,,S,S,S,,S,,S,,,,,S,S,S,,S,S,S,,S,S,,S,,S,,S,S,,,,,S,S,S,
EC_MAEWUR1C14,Klebsiella Pneumoniae Ssp Pneumoniae,BARMM Region,LOR-APMC,Unknown,Unknown,NEG,R,S,,,,S,S,S,,S,,S,,,,,S,S,S,,S,S,S,,S,S,,S,,S,,S,S,,,,,S,S,S,
EC_MAEWUR1C16,Escherichia Coli,BARMM Region,LOR-APMC,Unknown,Unknown,NEG,S,S,,,,S,S,S,,S,,S,,,,,S,S,S,,S,S,S,,S,S,,S,,S,,S,S,,,,,S,S,S,
EC_MAEWUR1C21,Klebsiella Pneumoniae Ssp Pneumoniae,BARMM Region,LOR-APMC,Unknown,Unknown,NEG,R,S,,,,S,S,S,,S,,S,,,,,S,S,S,,S,S,S,,S,S,,S,,S,,S,S,,,,,S,S,S,
EC_MAEWUR1C25,Klebsiella Pneumoniae Ssp Pneumoniae,BARMM Region,LOR-APMC,Unknown,Unknown,,,,,,,,,,,,,,,,,,,,,,,,,,,,,,,,,,,,,,,,,,
EC_MAEWUR1C27,Escherichia Coli,BARMM Region,LOR-APMC,Unknown,Unknown,NEG,S,S,,,,S,S,S,,S,,S,,,,,S,S,S,,S,S,R,,S,S,,S,,S,,S,S,,,,,S,S,R,
EC_MAEWUR1C28,Klebsiella Pneumoniae Ssp Pneumoniae,BARMM Region,LOR-APMC,Unknown,Unknown,NEG,R,S,,,,S,S,S,,S,,S,,,,,S,S,S,,S,S,S,,S,S,,S,,S,,S,S,,,,,S,S,S,
EC_MAEWUR1C29,Escherichia Coli,BARMM Region,LOR-APMC,Unknown,Unknown,NEG,R,S,,,,S,S,S,,S,,S,,,,,S,S,S,,S,S,R,,I,S,,S,,S,,S,S,,,,,S,S,I,
EC_MAEWUR2C1,Escherichia Coli,BARMM Region,LOR-APMC,Unknown,Unknown,NEG,R,I,,,,S,S,I,,S,,S,,,,,S,S,S,,S,S,S,,S,S,,S,,S,,S,S,,,,,S,R,S,
EC_MAEWUR2C2,Escherichia Coli,BARMM Region,LOR-APMC,Unknown,Unknown,NEG,S,S,,,,S,S,S,,S,,S,,,,,S,S,S,,S,S,S,,S,S,,S,,S,,S,S,,,,,S,S,S,
EC_MAEWUR2C3,Klebsiella Pneumoniae Ssp Pneumoniae,BARMM Region,LOR-APMC,Unknown,Unknown,,,,,,,,,,,,,,,,,,,,,,,,,,,,,,,,,,,,,,,,,,
EC_MAEWUR2C5,Klebsiella Pneumoniae Ssp Pneumoniae,BARMM Region,LOR-APMC,Unknown,Unknown,NEG,S,S,,,,S,S,S,,S,,S,,,,,S,S,S,,S,S,S,,S,S,,S,,S,,S,S,,,,,S,S,S,
EC_MAEWUR2C6,Escherichia Coli,BARMM Region,LOR-APMC,Unknown,Unknown,NEG,S,S,,,,S,S,S,,S,,S,,,,,S,S,S,,S,S,S,,S,S,,S,,S,,S,S,,,,,S,S,S,
EC_MAEWUR2C11,Klebsiella Pneumoniae Ssp Pneumoniae,BARMM Region,LOR-APMC,Unknown,Unknown,NEG,R,S,,,,S,S,S,,S,,S,,,,,S,S,S,,S,S,S,,S,S,,S,,S,,S,S,,,,,S,S,S,
EC_MAEWUR2C13,Klebsiella Pneumoniae Ssp Pneumoniae,BARMM Region,LOR-APMC,Unknown,Unknown,,,,,,,,,,,,,,,,,,,,,,,,,,,,,,,,,,,,,,,,,,
EC_MAEWUR2C16,Escherichia Coli,BARMM Region,LOR-APMC,Unknown,Unknown,NEG,S,S,,,,S,S,S,,S,,S,,,,,S,S,S,,S,S,S,,S,S,,S,,S,,S,S,,,,,S,S,S,
EC_MAEWUR2C18,Klebsiella Pneumoniae Ssp Pneumoniae,BARMM Region,LOR-APMC,Unknown,Unknown,NEG,R,S,,,,S,S,S,,S,,S,,,,,S,S,S,,S,S,S,,S,S,,S,,S,,S,S,,,,,S,S,S,
EC_MAEWUR2C20,Escherichia Coli,BARMM Region,LOR-APMC,Unknown,Unknown,NEG,S,S,,,,S,S,S,,S,,S,,,,,S,S,S,,S,S,S,,S,S,,S,,S,,S,S,,,,,S,S,R,
EC_MAEWUR2C23,Escherichia Coli,BARMM Region,LOR-APMC,Unknown,Unknown,NEG,S,S,,,,S,S,S,,S,,S,,,,,S,S,S,,S,S,S,,S,S,,S,,S,,S,S,,,,,S,S,S,
EC_MAEWUR2C25,,BARMM Region,LOR-APMC,Unknown,Unknown,,,,,,,,,,,,,,,,,,,,,,,,,,,,,,,,,,,,,,,,,,
EC_MAEWUR2C26,Escherichia Coli,BARMM Region,LOR-APMC,Unknown,Unknown,NEG,S,S,,,,S,S,S,,S,,S,,,,,S,S,S,,S,S,S,,S,S,,S,,S,,S,S,,,,,S,S,S,
EC_MAEWUR2C27,Klebsiella Pneumoniae Ssp Pneumoniae,BARMM Region,LOR-APMC,Unknown,Unknown,,,,,,,,,,,,,,,,,,,,,,,,,,,,,,,,,,,,,,,,,,
EC_MAEWUR2C29,Klebsiella Pneumoniae Ssp Pneumoniae,BARMM Region,LOR-APMC,Unknown,Unknown,,,,,,,,,,,,,,,,,,,,,,,,,,,,,,,,,,,,,,,,,,
EC_MAEWUR2C30,Escherichia Coli,BARMM Region,LOR-APMC,Unknown,Unknown,NEG,S,S,,,,S,S,S,,S,,S,,,,,S,S,S,,S,S,S,,S,S,,S,,S,,S,S,,,,,S,S,S,
EC_MAEWUR3C1,Escherichia Coli,BARMM Region,LOR-APMC,Unknown,Unknown,NEG,R,S,,,,S,S,I,,S,,S,,,,,S,S,S,,S,S,S,,S,S,,S,,S,,S,S,,,,,S,R,S,
EC_MAEWUR3C2,Escherichia Coli,BARMM Region,LOR-APMC,Unknown,Unknown,NEG,R,S,,,,S,R,S,,S,,S,,,,,S,S,S,,S,S,S,,S,S,,S,,S,,S,S,,,,,S,S,R,
EC_MAEWUR3C3,Escherichia Coli,BARMM Region,LOR-APMC,Unknown,Unknown,NEG,R,S,,,,S,S,S,,S,,S,,,,,S,S,S,,S,S,R,,S,S,,S,,S,,S,S,,,,,S,S,R,
EC_MAEWUR3C4,Escherichia Coli,BARMM Region,LOR-APMC,Unknown,Unknown,NEG,S,S,,,,S,S,S,,S,,S,,,,,S,S,S,,S,S,S,,S,S,,S,,S,,S,S,,,,,S,S,S,
EC_MAEWUR3C6,Escherichia Coli,BARMM Region,LOR-APMC,Unknown,Unknown,NEG,S,S,,,,S,S,S,,S,,S,,,,,S,S,S,,S,S,S,,S,S,,S,,S,,S,S,,,,,S,S,S,
EC_MAEWUR3C8,Klebsiella Pneumoniae Ssp Pneumoniae,BARMM Region,LOR-APMC,Unknown,Unknown,,,,,,,,,,,,,,,,,,,,,,,,,,,,,,,,,,,,,,,,,,
EC_MAEWUR3C15,Klebsiella Pneumoniae Ssp Pneumoniae,BARMM Region,LOR-APMC,Unknown,Unknown,NEG,R,S,,,,S,S,S,,S,,S,,,,,S,S,S,,S,S,S,,S,S,,S,,S,,S,S,,,,,S,S,S,
EC_MAEWUR3C20,Klebsiella Pneumoniae Ssp Pneumoniae,BARMM Region,LOR-APMC,Unknown,Unknown,NEG,R,S,,,,S,S,S,,S,,S,,,,,S,S,S,,S,S,S,,S,S,,S,,S,,S,S,,,,,S,S,S,
EC_MAEWUR3C21,Klebsiella Pneumoniae Ssp Pneumoniae,BARMM Region,LOR-APMC,Unknown,Unknown,,,,,,,,,,,,,,,,,,,,,,,,,,,,,,,,,,,,,,,,,,
EC_MAEWUR3C22,Escherichia Coli,BARMM Region,LOR-APMC,Unknown,Unknown,NEG,S,S,,,,S,S,S,,S,,S,,,,,S,S,S,,S,S,S,,S,S,,S,,S,,S,S,,,,,S,S,S,
EC_MAEWUR3C24,Klebsiella Pneumoniae Ssp Pneumoniae,BARMM Region,LOR-APMC,Unknown,Unknown,NEG,R,S,,,,S,S,S,,S,,S,,,,,S,S,S,,S,S,S,,S,S,,S,,S,,S,S,,,,,S,S,S,
EC_MAEWUR3C25,Klebsiella Pneumoniae Ssp Pneumoniae,BARMM Region,LOR-APMC,Unknown,Unknown,,,,,,,,,,,,,,,,,,,,,,,,,,,,,,,,,,,,,,,,,,
EC_MAEWUR3C26,Escherichia Coli,BARMM Region,LOR-APMC,Unknown,Unknown,,,,,,,,,,,,,,,,,,,,,,,,,,,,,,,,,,,,,,,,,,
EC_MAEWUR3C27,Escherichia Coli,BARMM Region,LOR-APMC,Unknown,Unknown,NEG,S,S,,,,S,S,S,,S,,S,,,,,S,S,S,,S,S,S,,S,S,,S,,S,,S,S,,,,,S,S,S,
EC_MAEWUR3C28,Escherichia Coli,BARMM Region,LOR-APMC,Unknown,Unknown,NEG,S,S,,,,S,S,S,,S,,S,,,,,S,S,S,,S,S,S,,S,S,,S,,S,,S,S,,,,,S,S,S,
EC_MAEWUR3C29,Escherichia Coli,BARMM Region,LOR-APMC,Unknown,Unknown,NEG,S,S,,,,S,I,S,,S,,S,,,,,S,S,S,,S,S,S,,S,S,,S,,S,,S,S,,,,,S,S,S,
EC_MAEWUR3C31,Escherichia Coli,BARMM Region,LOR-APMC,Unknown,Unknown,NEG,S,S,,,,S,S,S,,S,,S,,,,,S,S,S,,S,S,S,,S,S,,S,,S,,S,S,,,,,S,S,S,
EC_MAEWUR3C32,Escherichia Coli,BARMM Region,LOR-APMC,Unknown,Unknown,NEG,S,S,,,,S,S,S,,S,,S,,,,,S,S,S,,S,S,S,,S,S,,S,,S,,S,S,,,,,S,S,S,
EC_MAEWUR3C33,Escherichia Coli,BARMM Region,LOR-APMC,Unknown,Unknown,NEG,S,S,,,,S,S,S,,S,,S,,,,,S,S,S,,S,S,I,,S,S,,S,,S,,S,S,,,,,S,S,R,
SAL_MAEWUR1C2,Pseudomoans Aeruginosa,BARMM Region,LOR-APMC,Unknown,Unknown,,,,,,,,,,,,,,,,,,,,,,,,,,,,,,,,,,,,,,,,,,
SAL_MAEWUR1C3,Pseudomoans Aeruginosa,BARMM Region,LOR-APMC,Unknown,Unknown,,,,,,,S,,,,S,,R,,,,,,,,,R,,,,I,,,S,,S,,S,S,,,,,,,,
SAL_MAEWUR1C4,Pseudomoans Aeruginosa,BARMM Region,LOR-APMC,Unknown,Unknown,,,,,,,,,,,,,,,,,,,,,,,,,,,,,,,,,,,,,,,,,,
SAL_MAEWUR1C5,Pseudomoans Aeruginosa,BARMM Region,LOR-APMC,Unknown,Unknown,,,,,,,,,,,,,,,,,,,,,,,,,,,,,,,,,,,,,,,,,,
SAL_MAEWUR1C6,Pseudomoans Aeruginosa,BARMM Region,LOR-APMC,Unknown,Unknown,NEG,,,,,,,,,,,,,,,,,,,,,,,,,,,,,,,,,,,,,,,,,
SAL_MAEWUR1C7,Pseudomoans Aeruginosa,BARMM Region,LOR-APMC,Unknown,Unknown,NEG,,,,,,,,,,,,,,,,,,,,,,,,,,,,,,,,,,,,,,,,,
SAL_MAEWUR1C8,Pseudomoans Aeruginosa,BARMM Region,LOR-APMC,Unknown,Unknown,NEG,,,,,,,,,,,,,,,,,,,,,,,,,,,,,,,,,,,,,,,,,
SAL_MAEWUR1C9,Pseudomoans Aeruginosa,BARMM Region,LOR-APMC,Unknown,Unknown,NEG,,,,,,,,,,,,,,,,,,,,,,,,,,,,,,,,,,,,,,,,,
SAL_MAEWUR1C10,Pseudomoans Aeruginosa,BARMM Region,LOR-APMC,Unknown,Unknown,NEG,,,,,,,,,,,,,,,,,,,,,,,,,,,,,,,,,,,,,,,,,
SAL_MAEWUR1C11,Pseudomoans Aeruginosa,BARMM Region,LOR-APMC,Unknown,Unknown,NEG,,,,,,S,,,,R,,R,,,,,,,,,R,,,,S,,,S,,S,,S,,,,,,,,,
SAL_MAEWUR2C3,Pseudomoans Aeruginosa,BARMM Region,LOR-APMC,Unknown,Unknown,NEG,,,,,,S,,,,R,,R,,,,,,,,,R,,,,I,,,S,,S,,S,,,,,,,,,
SAL_MAEWUR2C4,Pseudomoans Aeruginosa,BARMM Region,LOR-APMC,Unknown,Unknown,,,,,,,,,,,,,,,,,,,,,,,,,,,,,,,,,,,,,,,,,,
SAL_MAEWUR2C5,,BARMM Region,LOR-APMC,Unknown,Unknown,,,,,,,,,,,,,,,,,,,,,,,,,,,,,,,,,,,,,,,,,,
SAL_MAEWUR2C6,Pseudomoans Aeruginosa,BARMM Region,LOR-APMC,Unknown,Unknown,NEG,,,,,,S,,,,R,,R,,,,,,,,,R,,,,S,,,S,,S,,S,,,,,,,,,
SAL_MAEWUR3C1,Pseudomoans Aeruginosa,BARMM Region,LOR-APMC,Unknown,Unknown,,,,,,,,,,,,,,,,,,,,,,,,,,,,,,,,,,,,,,,,,,
SAL_MAEWUR3C2,Pseudomoans Aeruginosa,BARMM Region,LOR-APMC,Unknown,Unknown,,,,,,,,,,,,,,,,,,,,,,,,,,,,,,,,,,,,,,,,,,
SAL_MAEWUR3C3,Pseudomoans Aeruginosa,BARMM Region,LOR-APMC,Unknown,Unknown,,,,,,,S,,,,R,,R,,,,,,,,,R,,,,I,,,S,,S,,S,,,,,,,,,
SAL_MAEWUR3C4,Pseudomoans Aeruginosa,BARMM Region,LOR-APMC,Unknown,Unknown,,,,,,,S,,,,R,,R,,,,,,,,,R,,,,S,,,S,,S,,S,,,,,,,,,
SG_MAEWUR1C2,Pseudomoans Aeruginosa,BARMM Region,LOR-APMC,Unknown,Unknown,,,,,,,S,,,,R,,R,,,,,,,,,R,,,,I,,,S,,S,,S,,,,,,,,,
SG_MAEWUR2C4,Pseudomoans Aeruginosa,BARMM Region,LOR-APMC,Unknown,Unknown,,,,,,,S,,,,R,,R,,,,,,,,,R,,,,I,,,S,,S,,S,,,,,,,,,
SG_MAEWUR3C5,Pseudomoans Aeruginosa,BARMM Region,LOR-APMC,Unknown,Unknown,,,,,,,S,,,,R,,R,,,,,,,,,R,,,,S,,,S,,S,,S,,,,,,,,,
VCMAEWUR1C8,Vibrio Cholerae,BARMM Region,LOR-APMC,Unknown,Unknown,,,,,,,,,,,,,,,,,,,,,,,,,,,,,,,,,,,,,,,,,,
VCMAEWUR2C16,Vibrio Fluvialis,BARMM Region,LOR-APMC,Unknown,Unknown,NEG,R,R,,,,S,S,,,R,,R,,,,,,,,,,,I,,S,,,R,,S,,S,,,,,,,R,R,
EC_MAEWTR2C5,Escherichia Coli,BARMM Region,LOR-APMC,Unknown,Unknown,NEG,S,S,,,,S,S,S,,S,,S,,,,,S,S,S,,S,S,S,,S,S,,S,,S,,S,S,,,,,S,S,S,
EC_MAEWTR2C6,Escherichia Coli,BARMM Region,LOR-APMC,Unknown,Unknown,NEG,S,S,,,,S,S,S,,S,,S,,,,,S,S,S,,S,S,S,,S,S,,S,,S,,S,S,,,,,S,S,S,
EC_MAEWTR3C9,Escherichia Coli,BARMM Region,LOR-APMC,Unknown,Unknown,NEG,S,S,,,,S,S,S,,S,,S,,,,,S,S,S,,S,S,I,,S,S,,S,,S,,S,S,,,,,S,S,R,
EC_MAEWTR3C10,Escherichia Coli,BARMM Region,LOR-APMC,Unknown,Unknown,NEG,S,S,,,,S,S,S,,S,,S,,,,,S,S,S,,S,S,I,,S,S,,S,,S,,S,S,,,,,S,S,R,
EC_MAEWTR3C11,Escherichia Coli,BARMM Region,LOR-APMC,Unknown,Unknown,NEG,S,S,,,,S,S,S,,S,,S,,,,,S,S,S,,S,S,S,,S,S,,S,,S,,S,S,,,,,S,S,R,
SAL_MAEWTR3C1,Pseudomoans Aeruginosa,BARMM Region,LOR-APMC,Unknown,Unknown,,,,,,,,,,,,,,,,,,,,,,,,,,,,,,,,,,,,,,,,,,
SAL_MAEWTR3C2,Pseudomoans Aeruginosa,BARMM Region,LOR-APMC,Unknown,Unknown,,,,,,,,,,,,,,,,,,,,,,,,,,,,,,,,,,,,,,,,,,
SAL_MAEWTR3C3,Pseudomoans Aeruginosa,BARMM Region,LOR-APMC,Unknown,Unknown,,,,,,,,,,,,,,,,,,,,,,,,,,,,,,,,,,,,,,,,,,
SAL_MAEWTR3C4,Pseudomoans Aeruginosa,BARMM Region,LOR-APMC,Unknown,Unknown,,,,,,,,,,,,,,,,,,,,,,,,,,,,,,,,,,,,,,,,,,
SAL_MAEWTR3C5,Pseudomoans Aeruginosa,BARMM Region,LOR-APMC,Unknown,Unknown,,,,,,,,,,,,,,,,,,,,,,,,,,,,,,,,,,,,,,,,,,
SG_MAEWTR2C1,Pseudomoans Aeruginosa,BARMM Region,LOR-APMC,Unknown,Unknown,,,,,,,S,,,,R,,R,,,,,,,,,R,,,,I,,,S,,S,,S,,,,,,,,,
SG_MAEWTR2C3,Pseudomoans Aeruginosa,BARMM Region,LOR-APMC,Unknown,Unknown,,,,,,,,,,,,,,,,,,,,,,,,,,,,,,,,,,,,,,,,,,
SG_MAEWTR2C4,Pseudomoans Aeruginosa,BARMM Region,LOR-APMC,Unknown,Unknown,,,,,,,,,,,,,,,,,,,,,,,,,,,,,,,,,,,,,,,,,,
SG_MAEWTR3C3,Pseudomoans Aeruginosa,BARMM Region,LOR-APMC,Unknown,Unknown,,,,,,,S,,,,R,,R,,,,,,,,,R,,,,I,,,S,,S,,S,,,,,,,,,
SG_MAEWTR3C4,Pseudomoans Aeruginosa,BARMM Region,LOR-APMC,Unknown,Unknown,,,,,,,,,,,,,,,,,,,,,,,,,,,,,,,,,,,,,,,,,,
SG_MAEWTR3C5,Pseudomoans Aeruginosa,BARMM Region,LOR-APMC,Unknown,Unknown,,,,,,,,,,,,,,,,,,,,,,,,,,,,,,,,,,,,,,,,,,
SG_MAEWTR3C6,Pseudomoans Aeruginosa,BARMM Region,LOR-APMC,Unknown,Unknown,,,,,,,,,,,,,,,,,,,,,,,,,,,,,,,,,,,,,,,,,,
